toy_id,PAr_star_696,tau_CF4_696,K_Ar_Q_Ar_696,K_Ar_Q_CF4_696,PAr_star_727,tau_CF4_727,K_Ar_Q_Ar_727,K_Ar_Q_CF4_727,PAr_star_750,tau_CF4_750,K_Ar_Q_Ar_750,K_Ar_Q_CF4_750,PAr_star_764,tau_CF4_764,K_Ar_Q_Ar_764,K_Ar_Q_CF4_764,PAr_star_772,tau_CF4_772,K_Ar_Q_Ar_772,K_Ar_Q_CF4_772
0,0.00019550133881027568,28.3,0.030003886283126918,5.99459406048657,2.3375143757931465e-05,28.3,0.015368548298512735,1.432139247834811e-19,0.019999999999999997,21.7,14.253952229540873,57.59748967850551,0.019999999999999993,29.4,3.7749989909197024,166.4252554979202,0.0016629189205609285,28.3,0.1105887650042732,72.44510182422515
1,0.00022186035358436463,28.3,0.02967976343802849,5.871955422839223,1.7553892941870493e-05,28.3,0.015290195458359026,2.5550487968112532e-42,0.019999999999999997,21.7,13.963957981080828,56.41369273308532,0.019999999999999997,29.4,3.476953035701794,153.2568710568775,0.0016320645650123146,28.3,0.1105483298720633,72.45145065234216
2,0.00020667512904273854,28.3,0.029856732433579523,5.938494975201108,2.06203939192222e-05,28.3,0.015336896835457163,1.3850302430438382e-21,0.019999999999999997,21.7,13.18888049520715,53.251898584789856,0.01999999999816003,29.4,4.352318525994304,191.97065222983682,0.0015081954528065114,28.3,0.11037045340459876,72.48007640459326
3,0.00021664039534625458,28.3,0.02973619963203908,5.893324975307029,1.9167596439501908e-05,28.3,0.015316602513793617,1.3530018971184904e-30,0.019999999999547446,21.7,17.26733099411277,69.92479345467366,0.019999999999999997,29.4,4.047726981923744,178.48674082133974,0.0013198786771360473,28.3,0.11003891892100354,72.53496500282336
4,0.00017538370236918065,28.3,0.03031691474811769,6.115885936330867,1.6297143022454977e-05,28.3,0.01526608630821593,1.2758096147840236e-14,0.019999999846682274,21.7,17.63251983084446,71.42199221032259,0.019999999999999997,29.4,3.6737290111238385,161.94940807109006,0.0018194542167425875,28.3,0.11077229580888318,72.41582073413848
5,0.00020798935177581806,28.3,0.029837907942951616,5.93176013149517,1.8148621978576973e-05,28.3,0.015300464428150065,4.5139610990554815e-25,0.019999999999764293,21.7,16.81431022489865,68.06848281564612,0.019999999999999997,29.4,3.6825063471234656,162.3372801615666,0.0014484657595474554,28.3,0.11027459430833618,72.49599923370083
6,0.0001852439945486344,28.3,0.030152340343677322,6.052183961045266,1.536518108347195e-05,28.3,0.015245702585556247,5.76100204668792e-18,0.019999999999999997,21.7,13.005158919079184,52.50289925845678,0.019999999999999997,29.4,3.4907476747641524,153.86605838468077,0.0019096832401118574,28.3,0.11086476552689589,72.40125033723126
7,0.00020320049267057508,28.3,0.029898647322599396,5.954741069982686,1.7354080856473054e-05,28.3,0.015286590391817161,3.138467397124436e-26,0.019999997406411976,21.7,20.063360644576274,81.40582330093052,0.019999999999999997,29.4,3.859422139222115,170.15770117519796,0.001482577081689657,28.3,0.11033018919678265,72.48669974150938
8,0.00020710028189018136,28.3,0.029851736205404236,5.936555705235189,2.154850525931288e-05,28.3,0.015348450897892517,2.2719139701630514e-21,0.01999999984942217,21.7,14.760084752941065,59.66464000301282,0.019999991780668774,29.4,5.376440532996389,237.4101507763174,0.001397376235544739,28.3,0.11018651846618342,72.51075575107905
9,0.00018047309612197863,28.3,0.03022943350367909,6.0819727264437375,1.6876729212216475e-05,28.3,0.015277638865392299,3.094946733589317e-32,0.019999999999999997,21.7,12.879738085128443,51.991686032489675,0.019999999999999997,29.4,4.608631738646157,203.32818793501062,0.0012312712642408147,28.3,0.10984939877664916,72.56698769921972
10,0.0001719072812301965,28.3,0.030382096795113257,6.140906019900352,2.284128435881865e-05,28.3,0.015363002278538113,2.0939997718289783e-21,0.01999999998350412,21.7,15.222413214127533,61.554086029128115,0.01999999946362069,29.4,4.694817141929787,207.14939344603067,0.0020874948553673157,28.3,0.11102368118078046,72.3761702495377
11,0.0001617944368923115,28.3,0.03058319535923719,6.219554900368841,1.7965668153803716e-05,28.3,0.015297376514694523,1.1642463392528567e-34,0.019999999999999997,21.7,13.15265030714672,53.10417920498307,0.01999999999999999,29.4,4.210667792824999,185.69819909614296,0.0014376613463749058,28.3,0.110256090996365,72.49883703204873
12,0.0001511940636978374,28.3,0.030825157354067788,6.3153888488145045,1.539715715502241e-05,28.3,0.015246442135605798,6.248803412028516e-14,0.01999999999997102,21.7,18.354732215807037,74.38502714599188,0.019999999999999997,29.4,3.5193258588439056,155.12819094666065,0.0017010669269742595,28.3,0.11063657191057703,72.43746776077543
13,0.00018896252965533832,28.3,0.030095067655684718,6.0301468450666285,1.6421813004036703e-05,28.3,0.015268634298716978,9.019123147874951e-18,0.019999999999999976,21.7,15.991439169909153,64.6994435746981,0.01999999999999998,29.4,4.302766175038954,189.77607442698158,0.002119922337553667,28.3,0.11104997797147453,72.37213735188706
14,0.00015873096940753598,28.3,0.030648922229158503,6.2455586511402394,1.3079140298195717e-05,28.3,0.015183721000513505,1.6400716134194815e-14,0.019999999990727872,21.7,15.9855306237132,64.67526379195434,0.01999999999925514,29.4,4.969330716070271,219.32799855339172,0.0017586556059957252,28.3,0.11070492951650292,72.42661680353702
15,0.00016866130164211988,28.3,0.0304441879990057,6.165037028150791,1.873698265799156e-05,28.3,0.015309993094620805,2.9727510644423288e-33,0.01999999999999627,21.7,16.001377577380122,64.74011184984488,0.019999999999999997,29.4,3.2345173431535446,142.5553209916576,0.0011829286778592824,28.3,0.10973393808953741,72.58645326618783
16,0.0001899027445040191,28.3,0.030081688694981953,6.024894898126189,1.508160810950211e-05,28.3,0.015239021195403872,3.612753457687131e-14,0.01999999872635693,21.7,16.746097783704087,67.7890507972166,0.019999999999999997,29.4,3.6020792546824283,158.783621228686,0.001466221224281425,28.3,0.11030394613162871,72.49115842642672
17,0.00018996565921616514,28.3,0.030080524280202598,6.024484139083593,1.7704321654867406e-05,28.3,0.015292856829875268,2.9199510862112074e-39,0.019999999958877333,21.7,17.096113921767937,69.22307746620376,0.019999999999999997,29.4,3.6999072983146655,163.10626688937958,0.0010252254480127088,28.3,0.10928572557779026,72.66397377531054
18,0.00020183029959696243,28.3,0.029915808743196128,5.96136882760331,1.5192566826721935e-05,28.3,0.015241671136912865,8.971874708373338e-14,0.019999999999999997,21.7,12.39500572175297,50.016699880641276,0.019999999981284346,29.4,4.768574931781328,210.4204886928353,0.0016929046857229802,28.3,0.11062642659316979,72.43901908124596
19,0.00020768943119185693,28.3,0.029841721010726945,5.933185660635005,2.037779613460535e-05,28.3,0.015333705984680408,1.631619964303803e-23,0.019999999999999997,21.7,13.973983963593826,56.454614153687245,0.019999999999999997,29.4,3.940180838712962,173.72913985924933,0.0013921142818304215,28.3,0.11017620344133822,72.5119884905539
20,0.0001736473949080691,28.3,0.03035070276173493,6.128600356692319,1.7720392585337326e-05,28.3,0.015293138551989835,6.115026184955034e-32,0.01999999999896781,21.7,14.54365478203508,58.78053453292325,0.01999999999861451,29.4,4.273044940874885,188.4599562327372,0.001378732226708115,28.3,0.11015252894651664,72.51627548649931
21,0.00016993624170432288,28.3,0.030419128829095563,6.155346218359382,1.8545196162871844e-05,28.3,0.015306952325421922,1.9732780207367794e-24,0.019999999999733963,21.7,16.025401625706657,64.8384203317579,0.019999999999999997,29.4,3.5146912157598695,154.92349709442595,0.001275960154637894,28.3,0.10994860354669647,72.55049222509564
22,0.00018757534274935152,28.3,0.03011969107313844,6.039053426968753,1.8588219282549837e-05,28.3,0.015307639756151702,7.512210466867008e-18,0.019999998377355197,21.7,16.350796425439317,66.17002452172578,0.019999999999999993,29.4,4.076902912931826,179.77771869288844,0.0014865558645327656,28.3,0.11033742408691369,72.48613005004938
23,0.00017539472243330065,28.3,0.030318246855332014,6.116160626555529,2.141833296879797e-05,28.3,0.01534688982185921,5.490223415114621e-21,0.01999999999999999,21.7,10.600393306252865,42.71550809352591,0.019999999999999997,29.4,3.8340801408028162,169.03718793218408,0.0013172213623783306,28.3,0.11005288797192607,72.54575668863843
24,0.00018589814440455262,28.3,0.03014252615574679,6.048333684495496,1.4616515270389131e-05,28.3,0.015227502270036226,6.907833233359246e-14,0.019999999998895696,21.7,18.526962829390744,75.09199546852253,0.019999999999999997,29.4,3.4383273635769744,151.55127405564087,0.0015143738662039112,28.3,0.11038019513822858,72.47864344200393
25,0.00021268148095957218,28.3,0.02978089685781447,5.910307088106841,1.4268048641245616e-05,28.3,0.015218378383788528,3.259227406115512e-15,0.019999999996415378,21.7,15.207741052443133,61.4941105407975,0.01999999999969564,29.4,4.841173073508613,213.6409540839675,0.0016819894298465703,28.3,0.11061286700336433,72.44120503430057
26,0.00014586269080944534,28.3,0.030954935840482298,6.36838092366814,1.9400782720778454e-05,28.3,0.015320061284403722,6.6739176641318725e-46,0.019999999999999997,21.7,12.769186347162247,51.54114726155199,0.019999999999999997,29.4,3.94612232419622,173.99193189168037,0.001241957162562661,28.3,0.1098714682864349,72.56194412510925
27,0.00020116224576575202,28.3,0.029923445627273004,5.964453571457897,1.537651343720494e-05,28.3,0.015245964770696044,3.6826308660568735e-18,0.019999999999999997,21.7,11.849131229441477,47.794074486692985,0.019999999999999997,29.4,3.9613073663787897,174.6635923387364,0.0012764483321987955,28.3,0.10994790989994396,72.54953076491348
28,0.00016764701210766076,28.3,0.030462599165432376,6.172449510265816,1.2230519068903307e-05,28.3,0.015154970098317715,2.3347732428860408e-14,0.019999999999520218,21.7,16.908939728327596,68.45615769189355,0.019999999999999997,29.4,3.5772500848218254,157.68674514943274,0.0015196146119081531,28.3,0.11038818335113593,72.47731608907675
29,0.00014298506653771743,28.3,0.031032894692220866,6.399791808274786,1.6463007596234034e-05,28.3,0.01526946894469894,5.122018400552175e-19,0.019999999999999997,21.7,15.458963499633148,62.521263295434686,0.019999999999999997,29.4,4.610630902089418,203.4168120904386,0.0017880157021182865,28.3,0.1107380770622877,72.42133841044189
30,0.0001830267003901041,28.3,0.030187600042490697,6.065797872157867,1.644209670639033e-05,28.3,0.015269047394675732,1.9463214920416337e-16,0.019999999999710513,21.7,20.524445223787218,83.30337970090515,0.019999999999999997,29.4,3.9511583468777323,174.21467960504538,0.0014316762141355804,28.3,0.1102455983233591,72.50035997014623
31,0.00015732993122148406,28.3,0.03067852801889236,6.2575276270557385,1.5378359130831143e-05,28.3,0.015246006716775019,5.487874673007608e-27,0.019999999999999997,21.7,14.634616613011058,59.152086425482935,0.019999999999999997,29.4,3.7957976872300843,167.34469042049577,0.001288944188891105,28.3,0.10997474351536088,72.5452737641196
32,0.00021266981496476483,28.3,0.029782244371718246,5.910628354408218,1.976183344736202e-05,28.3,0.015325258203161508,2.4833176837754493e-22,0.0199999991940323,21.7,15.543624492389203,62.86747225133949,0.019999999999999997,29.4,3.683739983045917,162.39179534164407,0.0010412657148144591,28.3,0.10933924835298044,72.65587508014924
33,0.0001915885276896298,28.3,0.03008204770319,6.021015616472634,2.0637728293036568e-05,28.3,0.015337110876280821,1.3796503672414343e-16,0.019999999999718278,21.7,12.316082290925433,49.69571242672181,0.0199993205774168,29.4,5.6579241614522156,249.92570117548897,0.001687266498437803,28.3,0.11061409416191262,72.43743146277833
34,0.0001806630649341697,28.3,0.030228560452670215,6.081272227101174,2.070131107921181e-05,28.3,0.015337911627441666,1.4205103588097446e-15,0.01999999999748841,21.7,12.14791325139755,49.01091766021849,0.01999995582065575,29.4,5.062654779753699,223.45572080689865,0.0017148848814047032,28.3,0.11064523908882469,72.43069131309903
35,0.00015910772847915175,28.3,0.030640362604501183,6.242219980146925,1.611658037643857e-05,28.3,0.015262313101407245,4.639602934658735e-17,0.019999999999999997,21.7,13.291095135476066,53.66868325689152,0.019999999999999997,29.4,3.7197538293400916,163.98338418061294,0.001690504005543776,28.3,0.11062364294289806,72.43959940528696
36,0.00016287769013333375,28.3,0.030882632175687826,6.277312330791015,2.134496603791521e-05,28.3,0.015345992399190055,7.129975737253258e-17,0.019989981384539578,21.7,15.70060203690644,63.508081700983,0.019997034102999002,29.4,5.782662649704577,255.4807646657958,0.0013817313760609857,28.3,0.1277991178744627,82.39885785544539
37,0.00016189716208599319,28.3,0.030580127485375273,6.218491423540755,1.603614910883584e-05,28.3,0.01526060735363378,3.4600128722491224e-18,0.019999999999999997,21.7,13.639997450848583,55.09176659949038,0.019999999999999997,29.4,3.7706834547468353,166.234488528375,0.001534110945321459,28.3,0.1104100144014219,72.47370342100332
38,0.00017250712805561304,28.3,0.0303745098604904,6.137391667945268,1.8193083849954442e-05,28.3,0.015301205640540607,1.8708720505504283e-20,0.019999756631054983,21.7,19.00118433590563,77.03862028421028,0.019999999967461834,29.4,4.1834077321455085,184.491439696111,0.0016426354967392905,28.3,0.11056242982840504,72.44929495674326
39,0.00015298414053358035,28.3,0.030781483415676197,6.298038094991184,1.6423244925862823e-05,28.3,0.015268665080772605,4.086938119071265e-16,0.019999999999999997,21.7,11.505060804369027,46.39393399633191,0.019999999999999997,29.4,3.896200614063782,171.78405408787762,0.0016026515370622051,28.3,0.11050864604200378,72.45789786077188
40,0.00019880428429946978,28.3,0.029959116704403967,5.9773898708399535,1.7109439112397348e-05,28.3,0.015282064037948248,1.6196069471985089e-24,0.019999999999999997,21.7,12.028092137787642,48.522579916369885,0.019999999999999997,29.4,3.738629949250425,164.81766893379373,0.001614012959940006,28.3,0.11052411746714186,72.45536508141002
41,0.00017135577715684933,28.3,0.03039073291050318,6.1445311972703225,1.6208222773084154e-05,28.3,0.015264235900624859,1.4729597190048446e-13,0.01999999999999949,21.7,14.865675512400108,60.09608198424524,0.019999999999999997,29.4,4.045595953382402,178.3924515978486,0.001732869581285687,28.3,0.11067478480634645,72.43133381480524
42,0.00016447298057062067,28.3,0.030527011110857653,6.197544934839333,1.3262524929560588e-05,28.3,0.015189462043611693,2.0499361727688563e-19,0.019999999999961937,21.7,16.193626975725465,65.52691915533933,0.019999999999998883,29.4,4.729480781911064,208.68659160868782,0.0016981112162926346,28.3,0.11063280753644052,72.43797212907407
43,0.0001681002035883014,28.3,0.03045549455959997,6.169390289834649,1.8321108410920272e-05,28.3,0.015303320175394626,1.0816979714904613e-24,0.019999999999999997,21.7,12.796662213142254,51.65311586073592,0.019999999999999997,29.4,3.3393658861524083,147.18244398762513,0.0013262191463851525,28.3,0.1100519118599135,72.53305188614142
44,0.0002145358399416594,28.3,0.02985226889456174,5.920772680104185,1.8465481812304474e-05,28.3,0.0153056680940466,1.2375633855525593e-17,0.019999999999997138,21.7,13.975897784320807,56.462481289420424,0.019998000977148316,29.4,5.457346783262087,241.00749731129306,0.0014197333062950545,28.3,0.11032725216468159,72.53796537150278
45,0.00016173936203588133,28.3,0.030585334532953642,6.220239737352729,1.4131843674013258e-05,28.3,0.015214696634534336,8.024996662970399e-26,0.019999999999977272,21.7,14.443933284345919,58.373258030743415,0.01999999999832182,29.4,4.786297784659232,211.2066029118171,0.0014853595734577495,28.3,0.11033455240192645,72.48592693374634
46,0.00017609595179585293,28.3,0.030306506702302456,6.1114981094321985,2.2140563985166567e-05,28.3,0.015355322698327182,6.461632789398664e-19,0.019999999737686732,21.7,17.187755451851768,69.59807106974537,0.019999999999999907,29.4,3.930754406771794,173.31221886724938,0.0015546296295050094,28.3,0.110440510249453,72.46886502144623
47,0.0001696284498934768,28.3,0.030424861938807703,6.157606188717757,1.9516821677045e-05,28.3,0.01532175214322703,3.339321211803859e-23,0.019999999999790578,21.7,14.786575487868468,59.77288518712897,0.019999999917566284,29.4,4.655034600324963,205.38541359414788,0.00168095760201213,28.3,0.11061161042857583,72.44143229807909
48,0.0001795526782785835,28.3,0.030244745793237198,6.087915544711243,1.708972629916564e-05,28.3,0.015281693692590175,4.2517893102308903e-38,0.019999999999999036,21.7,14.571178152077406,58.89295735572188,0.01999999999990983,29.4,5.12824674109602,226.38341280030411,0.0011464317046247711,28.3,0.10964127452223442,72.6028931217256
49,0.00021335410953079008,28.3,0.02977610771787009,5.908022807464751,1.6993304349676014e-05,28.3,0.015279870450275497,1.8290367509441896e-27,0.019999999999494585,21.7,14.616338131885172,59.077420888085214,0.019999999996940993,29.4,4.267788789315794,188.22721676679066,0.001359680251630553,28.3,0.11011743675384374,72.52240905671701
50,0.00018066170825086733,28.3,0.030229282440882556,6.081440471337477,1.9070160575305177e-05,28.3,0.015315127731255908,4.016867904864347e-17,0.019999999999770476,21.7,12.783310963503741,51.59906446069466,0.019999999999911852,29.4,3.861532128816155,170.25100229701877,0.0015978492513858543,28.3,0.1104995345094649,72.45763488686629
51,0.00017441027037714958,28.3,0.03033473602376891,6.1227408578240485,1.7062055924162132e-05,28.3,0.01528117254499166,1.6373763863928732e-25,0.01999999999828062,21.7,16.242840195905373,65.72835771379494,0.019999999995633438,29.4,4.381384524049994,193.25810162470378,0.001294191442710219,28.3,0.10998753786408715,72.54417313533892
52,0.00019931304195880845,28.3,0.029950619131052382,5.97440634719642,1.7242503575443276e-05,28.3,0.015284541571315948,4.892646547398297e-35,0.019999999999911786,21.7,14.709173341285293,59.45665136273275,0.019999999997372665,29.4,5.2484200046996925,231.72129846302616,0.0015106400822856227,28.3,0.11037466877625358,72.47970532680439
53,0.00016677236273928263,28.3,0.030482895754183535,6.179902175794058,1.7761211651359353e-05,28.3,0.015293851810918033,1.1370331616741267e-31,0.019999999999999997,21.7,13.468733579351849,54.393145420962064,0.019999999999815412,29.4,4.134036663883296,182.3061490217279,0.001571824728783375,28.3,0.11046540013125802,72.46487123867755
54,0.00014443066527175782,28.3,0.03099319387425923,6.383797675233687,1.783134829766059e-05,28.3,0.015295069904495862,1.275009359832197e-38,0.019999999999999997,21.7,12.254310765238502,49.44368428492872,0.019999999999999997,29.4,3.761244325910854,165.81724766907786,0.0014279106305365374,28.3,0.11023939174864823,72.50157313472505
55,0.0001429786316900596,28.3,0.03103242584414867,6.399708958973693,1.6127357297447427e-05,28.3,0.015262538824716692,9.38416902722111e-25,0.019999999999999997,21.7,11.789012449127823,47.54938576270408,0.019999999999999997,29.4,4.704360494327865,207.57258490851768,0.00226614880998893,28.3,0.11115893724630439,72.35520885792091
56,0.00017072991424870156,28.3,0.030405194143220484,6.149735487665297,1.4589192190077403e-05,28.3,0.015226792318741326,5.777559128324785e-24,0.01999999999957851,21.7,14.751121123035844,59.628030208999185,0.019999999999999997,29.4,3.312998440392839,146.01865367575274,0.0015710493468378461,28.3,0.110464321635135,72.46507178298313
57,0.00020531882560726622,28.3,0.029869937555815206,5.944095985744487,1.674299014166885e-05,28.3,0.01527504824432341,3.739124084389106e-11,0.019999999999933515,21.7,14.936699568961824,60.38631016972408,0.019999999998864364,29.4,5.12121594973965,226.071183498539,0.0013583428622569423,28.3,0.11011350557406996,72.52228203318079
58,0.00019910267345118644,28.3,0.029952588266188854,5.975292077559983,1.9504541685209866e-05,28.3,0.015321574122833592,4.464339953843139e-22,0.019999999999999997,21.7,12.813299540637596,51.720917970502704,0.01999999988651469,29.4,4.759105195337534,210.00046589513664,0.001547664575331372,28.3,0.1104303344572783,72.47054038137762
59,0.00015758669664509264,28.3,0.030673584013244715,6.255437843733855,2.1095566193269973e-05,28.3,0.015342937315123085,1.1757705919947307e-33,0.019999999999999997,21.7,11.781120581664538,47.51726545245257,0.019999999999999997,29.4,3.901428453651097,172.01524862756796,0.001104578021320405,28.3,0.1095241672126148,72.62122599940726
60,0.00020072803431734446,28.3,0.029930652212552908,5.96696802245242,1.9000732558384045e-05,28.3,0.015314076307291646,3.486146096509101e-23,0.01999999996680975,21.7,15.150980012775838,61.26208085630031,0.019999999999999997,29.4,3.891469957817978,171.57485161337996,0.0012005654830216086,28.3,0.10978084957041874,72.58089901797072
61,0.00017685009540341687,28.3,0.030290818776616095,6.105806282715554,1.595460164637055e-05,28.3,0.015258861435034575,1.870887136544572e-20,0.019999998696566504,21.7,14.696913214587163,59.406546671118235,0.019999972746977714,29.4,5.042971505837167,222.59695242746986,0.0015532315372175235,28.3,0.11043801024706507,72.4689455652394
62,0.0001643051518086612,28.3,0.03052877658768785,6.198505998655816,1.6603643487806666e-05,28.3,0.01527229272604557,1.0561019358859346e-16,0.019999999999999997,21.7,13.682603005843607,55.26558722577078,0.019999999999997336,29.4,4.677974826505784,206.40256581968515,0.001121037650484828,28.3,0.10957002174824557,72.61326098597927
63,0.0001841300322685728,28.3,0.030170525955333694,6.0591099654934535,1.9945182007770186e-05,28.3,0.015327826446234982,2.1082604432172942e-20,0.019999999999999966,21.7,13.105637875551684,52.912514388474406,0.01999997790631288,29.4,5.033706525443989,222.18562802801839,0.0013855700561016028,28.3,0.11016707234897696,72.51539875189684
64,0.00019955580117697009,28.3,0.029945778415818938,5.972808709178027,1.8346994237660324e-05,28.3,0.015303744183197611,5.65747052874459e-23,0.019999999999999997,21.7,12.34981043145992,49.832619136508825,0.019999999999869376,29.4,4.142775868269904,182.69294211878272,0.0011546084280353573,28.3,0.10966454525316878,72.5998503942041
65,0.00017309140585466831,28.3,0.03040117785461003,6.141675173898887,1.838765342143048e-05,28.3,0.015304405909684014,1.0102251866655334e-17,0.019999927877878965,21.7,15.872487259025682,64.21023764048175,0.019999727320854716,29.4,5.222315288786748,230.5587779814539,0.0015863718413922042,28.3,0.11048390027493603,72.46040680499287
66,0.00020078439902338762,28.3,0.02993319935552344,5.967422998873198,1.8744328379467514e-05,28.3,0.015310108334302705,6.478569393021997e-21,0.01999999999846574,21.7,14.62715725980785,59.12161535818768,0.019999999999999993,29.4,4.006348764767879,176.6560545700545,0.0016534648264245483,28.3,0.11057660652378042,72.44706355266287
67,0.00017524338725688804,28.3,0.030322272954950824,6.117511581492879,1.8287035314883507e-05,28.3,0.015302760228939722,1.1067393884452446e-20,0.01999981156145568,21.7,19.919915213351928,80.81322997295229,0.019999999999999598,29.4,3.5236391860638974,155.31869585736106,0.001576628785738061,28.3,0.11047248958639809,72.46390404734225
68,0.00016564295712964867,28.3,0.030505707847490248,6.1887991604683625,1.93698099881116e-05,28.3,0.015319606573480516,5.500335550548421e-32,0.019999999999999997,21.7,13.748801845410542,55.53568422435977,0.019999999999999997,29.4,3.3627588558769204,148.21503502282042,0.0015740148070670925,28.3,0.11046830585940833,72.46424073769904
69,0.0001289996121783751,28.3,0.031459073049751006,6.575200165955963,1.360067269841102e-05,28.3,0.015199651920700599,2.0992813927914564e-31,0.019999999999999997,21.7,15.798329192156134,63.90932208564253,0.019999999999999997,29.4,3.1593710263923183,139.2400151548276,0.001583691492165055,28.3,0.1104822120013865,72.46213588176617
70,0.00022214239397877876,28.3,0.029675575856116583,5.870563316561613,1.7091086754868032e-05,28.3,0.015281719273923636,5.208058419429799e-28,0.01999999999986507,21.7,14.502678080082507,58.61317585477358,0.01999999996850066,29.4,4.728878966274561,208.65990303699942,0.001515075847126358,28.3,0.11038128127509012,72.47847210475351
71,0.00019399330061039392,28.3,0.030021941719141933,6.002011120668327,1.6116967894075597e-05,28.3,0.015262321432476555,1.880518939758743e-13,0.019999999999999997,21.7,13.485675026036073,54.46224634469764,0.019999999999998377,29.4,4.214291323110141,185.85861581357426,0.0015635937907924288,28.3,0.11045350900982033,72.46674530293329
72,0.000228627725162413,28.3,0.029741599909673552,5.871650266423467,1.7478513527331814e-05,28.3,0.015288880078718788,7.191583546866953e-16,0.019999999999995414,21.7,13.998579544592733,56.555056110503514,0.019997793198136857,29.4,5.503433397926045,243.05582374886413,0.0015260434644378952,28.3,0.11039763462252958,72.47555446571994
73,0.00017499778278493218,28.3,0.03032371302840545,6.1185380345438025,1.553547787289699e-05,28.3,0.015249605472184418,2.6820218235394484e-12,0.01999999999916301,21.7,19.28692541743522,78.21362865303081,0.0199999999999991,29.4,4.468085078000288,197.09917410900198,0.00144542856160524,28.3,0.11026912556761602,72.49662740505092
74,0.00016885594614687386,28.3,0.030438933765294635,6.16322279402357,1.254412752003544e-05,28.3,0.015166037443174888,8.687206281015072e-17,0.01999999999996007,21.7,16.45957065261508,66.61564976667647,0.019999999999879545,29.4,4.485075176050185,197.85201275923467,0.0018662081311627194,28.3,0.1108212236037007,72.40804950429967
75,0.0001580839513977493,28.3,0.03066361209628774,6.251308493328426,1.5442067222739584e-05,28.3,0.015247475227213895,2.484996918732694e-17,0.019999999999999997,21.7,14.197489731475567,57.36696781919306,0.019999999999682876,29.4,4.924548958573456,217.3405094545157,0.001301267702467478,28.3,0.11000053164267122,72.54105251696335
76,0.00021070129522878187,28.3,0.02980544249009397,5.919410549351889,2.164365015543284e-05,28.3,0.015349580210874823,6.752697200017203e-22,0.019999999999814156,21.7,14.384808960835766,58.13180889242743,0.019999999999999997,29.4,3.6324698666435364,160.12631113155552,0.0017510379054804035,28.3,0.1106961338619344,72.42800523101022
77,0.00022209879510312437,28.3,0.029676983272558615,5.87094625542446,1.9409308567464708e-05,28.3,0.015320186222861827,9.254896144562984e-24,0.019999999999981276,21.7,16.294551656135088,65.94004498694014,0.019999999999999997,29.4,3.0341716272868577,133.71834585662353,0.0016329119885993915,28.3,0.11054958627473689,72.45134419559031
78,0.0002200556096903292,28.3,0.029698460871059373,5.879105532993364,1.377412972266281e-05,28.3,0.015204689709077474,4.194367223497858e-22,0.019999999999999074,21.7,14.353676708351804,58.00468125552415,0.01999999960405582,29.4,4.410075462071846,194.52906388725475,0.0018617936136468497,28.3,0.11081666863605497,72.40873917284271
79,0.00016111912926864122,28.3,0.030598693111463827,6.225475358108607,1.3070034298377301e-05,28.3,0.015183432287537532,7.654934357795849e-14,0.019999999995979106,21.7,16.022413395522637,64.8261919056392,0.019999999999615603,29.4,4.756344147080816,209.87800528871819,0.0013340348270818388,28.3,0.11006706251789952,72.5303087713987
80,0.00017464566321602959,28.3,0.04435362172519687,7.771991928293316,1.7151796040787316e-05,28.3,0.015972017989486893,6.462745436956479e-10,0.019997253444837344,21.7,15.429653523357741,62.35113099610158,0.01999996133560311,29.4,4.35331767840677,191.85857644131724,0.0015043308478819714,28.3,0.11086779995226406,72.76187604694913
81,0.00020074208358320965,28.3,0.02993326176225862,5.967524300306995,1.972340078104926e-05,28.3,0.015324713886592642,9.501687946793707e-20,0.019999999955936133,21.7,15.015270081872421,60.70739459566363,0.019999999999999997,29.4,4.070473292796289,179.4932093593407,0.0018947561293835113,28.3,0.11084988659664488,72.40346960930991
82,0.0001873839019745359,28.3,0.030124668607415684,6.040645400765666,1.803618276889108e-05,28.3,0.015298573937873457,9.694925908077748e-21,0.01999999999999865,21.7,12.581403802633256,50.77606045692224,0.01999999999999912,29.4,3.72587109673904,164.25374770287934,0.0015639543558754567,28.3,0.11045375979470803,72.46651557743385
83,0.00019667003313985856,28.3,0.02998408268213944,5.987580133663791,1.675114569028924e-05,28.3,0.015275214544184177,2.1505188164314724e-11,0.0199999999948589,21.7,18.651260380730307,75.60238476485937,0.019999999996843237,29.4,4.969622908898093,219.34096780162258,0.0010803982278648953,28.3,0.10945965937719229,72.6356333262557
84,0.000149304122031158,28.3,0.030867102917782562,6.3329740822426785,1.7944631705581734e-05,28.3,0.015297017495532896,7.746476890567051e-29,0.019999999999171014,21.7,18.28310042609466,74.09102357400079,0.019999999999999997,29.4,3.868776592149481,170.5713369518784,0.001359004185394515,28.3,0.11011462790252356,72.52200357197184
85,0.00017109423073486475,28.3,0.030396698136847485,6.1466863234492255,2.2199455392524273e-05,28.3,0.01535598664055576,8.019090805942353e-31,0.019999999999999997,21.7,14.13829100760219,57.12529197862468,0.019999999999980325,29.4,4.482329375875553,197.73034375208417,0.0013668030969594396,28.3,0.110129836197894,72.51980786739529
86,0.00018844552377632825,28.3,0.030103122862462296,6.033204632311961,1.5084604559491546e-05,28.3,0.0152390866058337,5.264014552111723e-16,0.019999999999892753,21.7,17.027704499797686,68.94276252621773,0.019999999999998276,29.4,5.008185504796205,221.0526862160054,0.001394565289144511,28.3,0.11018063895084068,72.51126379593875
87,0.00017272969627125985,28.3,0.030369069871483873,6.135489390250469,1.9460353646702847e-05,28.3,0.015320931799703797,1.1741907126409548e-19,0.019999999999999997,21.7,14.12552501953352,57.07318038066528,0.01999999999999996,29.4,3.515292824891644,154.9500683253739,0.001529673235655616,28.3,0.11040354322590122,72.47489615836625
88,0.00016657514763481127,28.3,0.030483666822618796,6.180709600217048,1.6255228836148984e-05,28.3,0.01526521245936303,3.2167355616017902e-19,0.019999999999999997,21.7,14.257078406106402,57.610252108465396,0.019999999999999997,29.4,3.853133901397542,169.8796530351631,0.001532660919376301,28.3,0.11040804939405359,72.47417533362889
89,0.00017088914000908527,28.3,0.03040205180637883,6.148532790523835,1.71056169661579e-05,28.3,0.015281992212872905,1.45382011728183e-35,0.019999999999999997,21.7,11.991883792887696,48.37516733394678,0.019999999999999997,29.4,4.153407599763706,183.16351230679004,0.0017758819671740255,28.3,0.11072444959818281,72.42346591686463
90,0.00016783901430354552,28.3,0.030461604651907913,6.171617068497535,1.4856519177195369e-05,28.3,0.015233546447499887,5.94191049559173e-13,0.01999999999835979,21.7,15.717651621345427,63.57927979644762,0.019999999999999997,29.4,3.1734354631105703,139.86044579428625,0.0012842567512141045,28.3,0.10996576483526929,72.5472285715654
91,0.00020716532629084426,28.3,0.029848196977091658,5.93564011760392,2.3379961917859098e-05,28.3,0.015368597279368502,4.5449640535534655e-22,0.019999999999999997,21.7,14.036682425837467,56.71052232125656,0.019999999999999997,29.4,3.978113701893741,175.40700690692088,0.0014779053854329606,28.3,0.11032266313106319,72.48791334723371
92,0.00022212773626494324,28.3,0.029676740900059423,5.870845215865963,1.91000041181562e-05,28.3,0.015315584443594528,1.599027282834906e-39,0.019999999999999997,21.7,14.184530561629908,57.3140594703822,0.019999999999999997,29.4,4.2003656488836265,185.242126608508,0.001541501014040812,28.3,0.11042119147159553,72.47200240674026
93,0.00019046221639335657,28.3,0.030075168913302815,6.022108889768874,1.8398090970995177e-05,28.3,0.015304577737912361,1.000895278291982e-20,0.019999999999999976,21.7,13.086266818808467,52.833543410811224,0.01999999999144578,29.4,4.160335731211857,183.47016903339522,0.0017703608147672581,28.3,0.11071810588088592,72.42440540046641
94,0.0001794458239556268,28.3,0.03024668673765785,6.088644687302575,1.2543607219793761e-05,28.3,0.015166025528621998,1.6534868746977554e-14,0.01999999770894112,21.7,14.656078183456454,59.2397305740612,0.019999999999995834,29.4,3.923808003070132,173.00499475447066,0.001487467348828307,28.3,0.11034074441114947,72.48690633416905
95,0.00016688366094848677,28.3,0.030478558040086257,6.178546878010309,1.6088405255240843e-05,28.3,0.015261731365852951,1.9032387974255134e-13,0.019999999999950672,21.7,17.12155724983488,69.32734940208194,0.01999999999999826,29.4,4.393193687613358,193.78121311798492,0.0013150271352232294,28.3,0.11002902441880648,72.5365465719515
96,0.00012524477316732747,28.3,0.03159160117516984,6.63058704238776,2.242664316123107e-05,28.3,0.015358515203748271,1.747649705620745e-53,0.019999999999999997,21.7,14.393317244831893,58.1665534497396,0.019999999999999997,29.4,3.8453067569970285,169.53356883748924,0.0016669843007206802,28.3,0.11059392432188715,72.44424882213765
97,0.000130988954968145,28.3,0.03139202463378081,6.54737587890997,1.444218192304546e-05,28.3,0.015222985749927887,5.6409486957309606e-24,0.019999999999999997,21.7,16.012152237729573,64.7842086497555,0.019999999999999997,29.4,4.889661693304619,215.79236236067686,0.001054632066324805,28.3,0.10937443658311068,72.64584539002367
98,0.0002200923723811467,28.3,0.029698735578543512,5.8791043241387655,1.7692656727256516e-05,28.3,0.015292652057020791,5.658456137706573e-30,0.019999999999999997,21.7,12.56344892759759,50.70286209427714,0.01999999998794181,29.4,4.602910419622379,203.07456074776775,0.0016171989721911388,28.3,0.11052878400433093,72.45486690348562
99,0.0002346242644606458,28.3,0.029551665790921767,5.8238921938543236,1.7788250914321455e-05,28.3,0.015294322515303152,3.4421780669938266e-36,0.019999999999999997,21.7,11.776060740276423,47.49667462383213,0.01999999999997552,29.4,5.113671278374052,225.7361441712237,0.0013267591783120787,28.3,0.11005272364579739,72.53272934474066
100,0.00021308981252710278,28.3,0.029778347180529553,5.908999094062972,1.4798026292102326e-05,28.3,0.015232091382424207,4.325324723519309e-13,0.019999999999999997,21.7,14.306745871535218,57.81304622927208,0.019999999999999997,29.4,3.540007364891199,156.0416497296066,0.0012105091056128247,28.3,0.10980126233183438,72.57521982078039
101,0.00020136490713349513,28.3,0.029921826203258305,5.963673419839466,1.859416818198271e-05,28.3,0.015307734624375331,2.211452679958844e-24,0.019999999999999997,21.7,13.140863032212586,53.05612288908695,0.019999999999999997,29.4,3.5995716083852933,158.67283721914774,0.0010969529237081354,28.3,0.10950771302110171,72.62703332466553
102,0.00013612496041110614,28.3,0.03123234188165754,6.480943757308817,1.89343608769371e-05,28.3,0.015313059282905203,9.402115893865397e-29,0.019999999999999997,21.7,10.942205697478373,44.104823959260194,0.01999999999998044,29.4,5.742317821914937,253.68237573361688,0.001815779945223815,28.3,0.11076834791154998,72.41645011913504
103,0.0002000355917023442,28.3,0.02994294617218033,5.971167842361642,2.3445624742525555e-05,28.3,0.015369261947427392,1.0695237215903015e-20,0.01999999999999999,21.7,11.429010816215966,46.084555176824,0.019999999999999997,29.4,3.673910130974672,161.95741114810843,0.0017363419286688248,28.3,0.11067880724298332,72.43064277776035
104,0.00018533348240635782,28.3,0.03015123077647417,6.0517092329037325,1.662937071306425e-05,28.3,0.015272816873377587,1.4844384985772405e-13,0.019999999485525076,21.7,16.382472648070667,66.29996024055941,0.019999999999999997,29.4,4.087120912201912,180.2298759036234,0.0014688782645971925,28.3,0.11030818709047704,72.49039287557248
105,0.0001867919257108105,28.3,0.030133699408149302,6.044134855608766,1.8780675930667787e-05,28.3,0.015310676847292135,1.7665368344662988e-16,0.01999999999999968,21.7,14.276468142839574,57.689422034362536,0.01999999999852058,29.4,4.269537881546423,188.30466326006785,0.00193818755608275,28.3,0.11088887152082492,72.39522082961851
106,0.00017769974128576153,28.3,0.030276341261869493,6.100152209159308,1.9040021158844093e-05,28.3,0.015314675030588976,4.841971493928669e-24,0.019999999999999997,21.7,13.357300214644116,53.93866824600619,0.019999999999999997,29.4,3.596468721547081,158.5357572041665,0.0010809297455167146,28.3,0.10946118437590403,72.63511820623451
107,0.00015240770997507856,28.3,0.03079453894232997,6.303364565666033,1.480301788138023e-05,28.3,0.015232196622081551,2.602308970277996e-13,0.019999999999997152,21.7,18.69053016950792,75.76364610933568,0.019999999999996736,29.4,4.645563546398348,204.9654971325169,0.0017596842900039773,28.3,0.11070599749826522,72.42636509021243
108,0.0001810160111589001,28.3,0.03022075397575471,6.078563411925613,1.8516601022887946e-05,28.3,0.015306493632912,8.242474087721064e-20,0.019999999999999973,21.7,12.062512920351615,48.66271731556684,0.019999999934011588,29.4,4.132073238225806,182.2192497318154,0.0014261225280540618,28.3,0.11023723695620394,72.50248979941917
109,0.00022688692701656188,28.3,0.029627125820994454,5.852222205582217,2.2356608295395534e-05,28.3,0.015357741128284084,3.974803302483593e-25,0.019999999998974553,21.7,17.140230376701748,69.40387301375941,0.019999999998777804,29.4,4.1253274980315995,181.92069674702935,0.0013561834249075074,28.3,0.1101093498242365,72.52292498366799
110,0.0001809030834077889,28.3,0.030222334312249216,6.079219976634873,1.7170858581876534e-05,28.3,0.01528321226060335,1.6466414405927357e-35,0.019999999999991802,21.7,15.784811352206125,63.85401683688529,0.019999999999999997,29.4,3.768290691438501,166.12871988367826,0.001122404175837896,28.3,0.10957710076791911,72.61366622626903
111,0.00017324872766036152,28.3,0.030358532335297853,6.131554184954222,1.7271681357116467e-05,28.3,0.015285079888489313,1.6519710741597356e-28,0.019999999999999997,21.7,13.147319222403114,53.08244760269395,0.019999999999999258,29.4,4.263898620983723,188.05496371734367,0.0017131083979776097,28.3,0.11065111040519361,72.43506715979572
112,0.0001874328960373214,28.3,0.030123951118761254,6.040364066259656,1.808664606558099e-05,28.3,0.01529942523440772,1.373578002417321e-20,0.019999999999999,21.7,12.96549434287933,52.34125559845523,0.0199999999999995,29.4,3.8438057933006133,169.46720328594805,0.0016491565660859589,28.3,0.11057077053470657,72.4478410851508
113,0.00017795874474700826,28.3,0.03027185475747873,6.098417518765044,1.6933781777474647e-05,28.3,0.015278734763960805,1.5097899061336502e-37,0.019999999999537093,21.7,16.263429151020695,65.81264058875517,0.019999999999999997,29.4,3.9676234232794894,174.9429725832652,0.0012813471122207457,28.3,0.10996056076643021,72.54889486192288
114,0.00019650513567758004,28.3,0.029990053481156433,5.9892824784221395,1.95768790239315e-05,28.3,0.015322619543907994,1.7867300141057165e-21,0.019999999999999997,21.7,13.915073020981438,56.214183223055166,0.019999999999999997,29.4,3.8694678537924365,170.60190390730122,0.0014292713362896526,28.3,0.11024222372735,72.50136772360548
115,0.00017861636639516452,28.3,0.03026055883588343,6.094047566260846,1.6596529849715435e-05,28.3,0.015272152634907771,1.1461201571430423e-11,0.01999999998301001,21.7,20.830129769260868,84.56188080839989,0.01999999999997871,29.4,4.773715260716632,210.64848606438414,0.0021659352283407035,28.3,0.11108570179288216,72.36648791770718
116,0.00019856746919711817,28.3,0.02995813164450118,5.977670682390561,1.6203617613799547e-05,28.3,0.01526413971330915,1.7017570545857045e-15,0.019999999999999997,21.7,13.290989505279503,53.66825186325442,0.019999999997387566,29.4,4.389442767951654,193.61505616881254,0.001300268561227592,28.3,0.10999814590046993,72.54121522957205
117,0.00016758982185099172,28.3,0.03046423420328611,6.173006637365964,1.710891077187994e-05,28.3,0.015282054043624425,6.4089191012512496e-40,0.019999999999999917,21.7,14.705856318410136,59.44310691019206,0.0199999999999932,29.4,4.562680556781012,201.291307767251,0.0013322729052356397,28.3,0.11006296644057748,72.53058768019146
118,0.00016152530883859002,28.3,0.03058709387811066,6.221382517990455,2.1732146329493944e-05,28.3,0.015350621872150656,1.9981213604892743e-24,0.019999999999999997,21.7,14.038254306864129,56.7169393403442,0.0199999999999979,29.4,4.5549518837986405,200.94874922795378,0.0016448886304872522,28.3,0.11056556002811184,72.44891802037593
119,0.00014075691991296857,28.3,0.031095307649919898,6.425094564175885,2.1756970873839636e-05,28.3,0.01535091255634534,2.4068652227533463e-43,0.019999999999999997,21.7,13.831836389914736,55.87450196360287,0.019999999999999997,29.4,3.4080194788011586,150.21312247531867,0.001763013328424277,28.3,0.11070998504335156,72.42585837942515
120,0.0001935056463425871,28.3,0.030028741284759256,6.004639989637817,1.556495640879369e-05,28.3,0.015250273552651183,3.450053849058373e-16,0.019999999937952095,21.7,17.548420262812,71.07714132132845,0.019999999999999997,29.4,3.7145797255809474,163.754708248844,0.0015635606023759923,28.3,0.11045369374047716,72.46688508938149
121,0.00018502765343270924,28.3,0.030161616047993355,6.0548303467038185,2.0879641820153503e-05,28.3,0.015340215578381384,5.206396022395877e-18,0.01999974422054779,21.7,15.668236350635622,63.376505088207786,0.01999999999976461,29.4,3.5663283995766903,157.20428658539137,0.001800695943271378,28.3,0.11074901186029297,72.41766188510508
122,0.00014876853268306787,28.3,0.030884570207745318,6.3393204835843395,1.8156764549691152e-05,28.3,0.015300600437390786,2.194344064907555e-27,0.019999999999999997,21.7,13.127696038641762,53.00244001449658,0.019999999999870458,29.4,4.750420545206062,209.6152786443976,0.0013200298859921678,28.3,0.11003858901786717,72.53462709914551
123,0.00017857758286324424,28.3,0.030261438278928042,6.094353052157909,1.8607325726201968e-05,28.3,0.015307942823029929,3.611858560226724e-18,0.0199999999999737,21.7,13.417473019657349,54.18416536313479,0.01999999905240611,29.4,4.213663055318683,185.83078395049012,0.0016918395648198694,28.3,0.11062271482975891,72.43798303792417
124,0.000180771258381867,28.3,0.030225494578696416,6.080287819875626,1.8344535117236197e-05,28.3,0.015303703874449891,1.4758389451612062e-17,0.019999999999999987,21.7,14.173745141464659,57.270032318140416,0.01999999997400611,29.4,4.210311975174122,185.6824476778088,0.0014499834186013734,28.3,0.11029216662161206,72.50365162027155
125,0.00017970516249815434,28.3,0.030242187519590062,6.086923748537054,1.7464157696508616e-05,28.3,0.015288586404919986,1.8184892874956956e-27,0.019999999908624996,21.7,15.548871674633618,62.88893919006016,0.019999999999764696,29.4,4.341444152486698,191.48901573064802,0.0011120815209302724,28.3,0.1095491318157226,72.61949080534879
126,0.0001998046689797662,28.3,0.02994597228940806,5.9723302897083705,2.0971659734074743e-05,28.3,0.015341388165964491,4.579503314078764e-21,0.019999999999999993,21.7,12.730516341023698,51.38357148443567,0.019999999999999993,29.4,3.400061966351665,149.86180545133925,0.0016576927138868779,28.3,0.110582039646249,72.44617136083002
127,0.00018867706662592057,28.3,0.030101397837006494,6.032260667162388,1.7434552010889336e-05,28.3,0.01528805203264842,3.4871330117114396e-20,0.01999999998380852,21.7,16.16615125283575,65.41441081757003,0.019999999999999993,29.4,3.385273275262146,149.20892432585296,0.0013933639947788967,28.3,0.11017952396224005,72.5120482093288
128,0.00020437525600994316,28.3,0.029883016366311813,5.948889496321945,2.165967700495086e-05,28.3,0.01534976947128645,1.5649234041084628e-31,0.019999999999999997,21.7,12.868932198805542,51.94764544388858,0.019999999999999997,29.4,3.2602019626910437,143.6886692869306,0.001263205590413833,28.3,0.1099207414167156,72.55494971327039
129,0.0001365972754248793,28.3,0.031220376836430978,6.475632487935768,2.0318566965268236e-05,28.3,0.01533291557141142,3.867743756189958e-35,0.019999999999999962,21.7,15.041934632127978,60.81638135499564,0.019999999999999997,29.4,3.936365482172889,173.56038941253058,0.0014543721203532053,28.3,0.11028387440008057,72.49405950698946
130,0.00017957302505113563,28.3,0.030244425662469623,6.0877877689925715,1.9472931169883424e-05,28.3,0.015321114915972205,8.109375361757689e-24,0.019999999999999997,21.7,12.636640698488828,51.00105928533141,0.019999999999999997,29.4,3.5860982348504282,158.077618797172,0.001264021884269974,28.3,0.1099226710064389,72.55473086821709
131,0.0001737742494784377,28.3,0.030350464804553026,6.128178709708118,1.922080310883467e-05,28.3,0.015317398922035817,4.7700657074010534e-20,0.019999998777148083,21.7,15.076346262208707,60.95698595506426,0.019999999598916966,29.4,4.410938397727589,194.56729445923457,0.0015764563855540806,28.3,0.11047203982180061,72.46382914479132
132,0.00019229777257365492,28.3,0.03004695729220566,6.011492523713988,1.7365035671776792e-05,28.3,0.015286790143749278,1.4636177969321061e-19,0.01999999961321782,21.7,15.674163133520848,63.40138200702799,0.019999999979133334,29.4,4.4556443216121435,196.54794382063005,0.0014448667000789676,28.3,0.1102685446903789,72.49696836185434
133,0.0001498939998402878,28.3,0.03085685028249329,6.328127387257071,1.9398908448294867e-05,28.3,0.015320033780496303,1.7501473379607793e-41,0.019999999999999997,21.7,12.468472811443654,50.3159526889804,0.019999999999999997,29.4,3.228569535927097,142.29288531751493,0.001392301811301132,28.3,0.1101763342957245,72.51181843474349
134,0.00013861536767840747,28.3,0.031157401489732214,6.450351049080578,1.757029738995746e-05,28.3,0.015290487818297416,1.5033520480959168e-53,0.019999999999999997,21.7,11.068727643988108,44.61923901129201,0.019999999999999997,29.4,4.521358782549975,199.45990828699496,0.0017347901323022526,28.3,0.11067702734720747,72.43095918500097
135,0.00015419494962368039,28.3,0.030751975434204864,6.286434621473601,1.755231043065877e-05,28.3,0.015290167200441457,2.130603155318243e-43,0.019999999999999997,21.7,14.199629668010793,57.37570451100189,0.019999999999999997,29.4,3.7882979435141775,167.01314696525353,0.0014442094549937763,28.3,0.11026730759692088,72.49709731220038
136,0.00017993003912095603,28.3,0.03023862857117122,6.085511826113028,1.8914897385078426e-05,28.3,0.015312759705285457,8.213551539506766e-19,0.019999997896620523,21.7,15.67131471177822,63.3896946862545,0.019999999999999976,29.4,3.853891551407472,169.91315407089579,0.001452083640536975,28.3,0.11028312243499527,72.49629855718231
137,0.00019835651098656337,28.3,0.02996197421388216,5.978983049898172,1.3769542038211482e-05,28.3,0.015204570363627337,4.683276461957772e-11,0.01999999995204654,21.7,15.761388158097736,63.75819290362985,0.019999999999883302,29.4,5.710001651570803,252.24430948058802,0.001668590305583988,28.3,0.11059594839878911,72.44391102281378
138,0.0001605461951726905,28.3,0.031070831274846673,6.32415120440732,1.8004526244915028e-05,28.3,0.01529803858162816,1.7232931972920583e-15,0.019999999999997596,21.7,14.170335454240664,57.25613581187489,0.019998317572393762,29.4,5.328961965931915,235.29920291073364,0.001477467389436574,28.3,0.1103496987942156,72.49988510880698
139,0.00019796069228956222,28.3,0.029967566261203393,5.9810847204819675,1.7842071800801574e-05,28.3,0.015295255278991598,5.3651196307323635e-25,0.019999991363086205,21.7,19.823148370960848,80.4178637145852,0.019999999999999997,29.4,4.002547664417224,176.48789683260065,0.0014006578115809442,28.3,0.1101917086679336,72.50951233967321
140,0.00019054123149153123,28.3,0.030073917614666226,6.021641568201271,1.71038238823553e-05,28.3,0.015281958606385404,1.7214561589554858e-28,0.019999999999999997,21.7,11.049260086631822,44.5400919334925,0.019999999999999997,29.4,3.7936618944082845,167.25027222715704,0.0015353973463327721,28.3,0.11041203421845643,72.47344342678946
141,0.00019900899747918955,28.3,0.029954836578085627,5.975995535945516,1.334786071325983e-05,28.3,0.015192086361034404,7.637959683865009e-15,0.019999999999999997,21.7,13.869929427212172,56.029951279643264,0.019999999999999997,29.4,3.824107480533517,168.5962683787802,0.0013125903417555683,28.3,0.11002534540225503,72.53779601241138
142,0.00017765252282827632,28.3,0.030277168059439887,6.100470324945473,1.2726219612569354e-05,28.3,0.01517225941768985,2.3972999069734894e-13,0.019999999999999997,21.7,11.509730116758929,46.41293638981168,0.01999999999999138,29.4,4.552578779077628,200.84356886438675,0.0016290771819053482,28.3,0.11054451986239164,72.4521897813105
143,0.00019041476909352175,28.3,0.030075517706529987,6.02229902082662,1.8504646906111633e-05,28.3,0.015306301429229287,3.5796016794007967e-22,0.019999999996642384,21.7,14.867645240389308,60.10412523604926,0.019999995388174728,29.4,4.565779344914331,201.42865622472468,0.0014029832235138338,28.3,0.11019656567800239,72.5091043420813
144,0.00012545003143218418,28.3,0.03158427518917188,6.627489112532562,1.5947179366988755e-05,28.3,0.0152587009067514,1.8576741302227705e-34,0.019999999999999997,21.7,19.53089159605831,79.21639674667483,0.019999999999999997,29.4,4.336341189562883,191.2630069935277,0.001557858569185253,28.3,0.11044531269502561,72.46815642002608
145,0.00018538585736961328,28.3,0.03015047041440873,6.051406700279079,1.7947833615937322e-05,28.3,0.015297072178550917,4.6234731885638344e-32,0.019999982207424383,21.7,20.167668137592294,81.83500482306624,0.019999999928992995,29.4,4.328922866814185,190.93445817994075,0.001660925977207372,28.3,0.11058634544680182,72.44558728498642
146,0.0001733818004738032,28.3,0.030353630800700703,6.1300418398741146,1.9064294911143438e-05,28.3,0.015315043714231744,4.8276305163076754e-24,0.019999999999999997,21.7,13.653568049199388,55.147132410724936,0.019999999999967044,29.4,4.610739346334622,203.42162034492347,0.0012801606894184156,28.3,0.10995760198952947,72.54902112078229
147,0.0001809463802290211,28.3,0.030222212182901227,6.07907873347654,1.678717779130374e-05,28.3,0.015275908061519091,6.10780617900404e-16,0.019999999033339644,21.7,15.339271498198606,62.03177991127909,0.019999999999998692,29.4,3.3448369727356333,147.42393636874056,0.0016962154130491628,28.3,0.1106306352449216,72.43844465688105
148,0.00018927369243648375,28.3,0.030097420724627986,6.029940045795139,2.0730130220568313e-05,28.3,0.015338315795497647,7.896979682732708e-19,0.019999999999998953,21.7,12.913081985192248,52.12762477695574,0.01999999999999885,29.4,3.6187720087845245,159.52110823387324,0.0018480496865461776,28.3,0.11080081165823635,72.41013715339315
149,0.00019836822195492838,28.3,0.029960708736884674,5.9786732739257085,1.528569522025053e-05,28.3,0.015243851937464267,1.505301299545427e-14,0.019999999998307233,21.7,19.218931983392867,77.93421353245103,0.019999999999999997,29.4,3.3532033247304356,147.79323361131011,0.0013556597424105462,28.3,0.11010823457962417,72.52303500861895
150,0.00015969583533612537,28.3,0.030626736753539444,6.23696441670813,2.1432680797929425e-05,28.3,0.015347062832165232,3.960377651691629e-33,0.019999999999999997,21.7,13.989835843279048,56.51931199213789,0.019999999999999997,29.4,4.445822509536419,196.11277280174636,0.0016355956313989092,28.3,0.11055323787485696,72.45082621115596
151,0.00017982876747348376,28.3,0.030240209431505242,6.086142179265378,1.8942137877836423e-05,28.3,0.015313178788513937,5.340907118544639e-22,0.019999999984465357,21.7,15.086121765957332,60.996976344390696,0.019999999999999993,29.4,3.655814635897143,161.15780261864887,0.0013302570264477123,28.3,0.1100610753586995,72.532128642525
152,0.0001784093817902743,28.3,0.030264112857877938,6.095420644926679,1.8856763720747207e-05,28.3,0.01531186139439447,6.840545065633001e-24,0.019999999995245026,21.7,15.53424420236068,62.8291164618529,0.019999999999999997,29.4,3.9121632425486905,172.48999001311972,0.0012959529530813289,28.3,0.10999145831760944,72.54368880745905
153,0.0002004713027986776,28.3,0.029937255109381087,5.968982497111678,1.738941365871557e-05,28.3,0.01528723378859771,1.1875302139704699e-30,0.019999999999999997,21.7,13.344549525996465,53.88667176944389,0.019999999999999997,29.4,3.4423290379729257,151.72796523896295,0.0017231026916987775,28.3,0.11066310847982772,72.43314548598298
154,0.00017319582305825012,28.3,0.030357022182742447,6.131360916581652,1.9801424931167106e-05,28.3,0.015325816737628357,9.803522225025105e-24,0.019999999999999997,21.7,13.263006539739646,53.554146618776294,0.019999999999751196,29.4,4.70940638639936,207.7963468579422,0.0013079033112595448,28.3,0.11001516970505536,72.53927314630884
155,0.00017764911800118328,28.3,0.03227128824874562,6.309945894660023,1.7621731247100686e-05,28.3,0.015735215650410535,4.337775739904392e-13,0.019999941132739372,21.7,14.544799214664899,58.77986635330815,0.01999919582020138,29.4,4.186695665908006,184.60471143722427,0.0015047101513366947,28.3,0.116257653441415,75.6740541997011
156,0.0001911744329946128,28.3,0.03006287474369137,6.017672604019358,1.6094489828686925e-05,28.3,0.015261872056488743,1.0117719070884824e-12,0.019999999999999997,21.7,13.157228173403304,53.122845329972215,0.019999999644442202,29.4,4.74097964785712,209.19656553873486,0.0016954145386211192,28.3,0.11062958786789111,72.43855739018578
157,0.00017981835677802473,28.3,0.030240935575199083,6.086335937159697,1.8689240929237234e-05,28.3,0.015309240970539371,1.6582176336706924e-18,0.019999999999991445,21.7,13.497237106959076,54.50945856541551,0.019999999526148456,29.4,4.357517868402818,192.20089080990573,0.0018395901939812442,28.3,0.11079049558014017,72.4108182669245
158,0.00015564991579861348,28.3,0.03152605110682452,6.433497312333313,2.1543575963225678e-05,28.3,0.015348379608672523,2.3519033487520316e-16,0.019924768017146852,21.7,19.298718850182798,78.22086803331264,0.019999999999711283,29.4,3.421462719131887,150.80665507083992,0.0016508550314968727,28.3,0.11056887383993086,72.44533533548353
159,0.0001813520157144627,28.3,0.030214887418880947,6.076345534904535,2.20609527466258e-05,28.3,0.015354419985837248,1.3587079156559057e-23,0.019999999999501625,21.7,14.852776497753261,60.0433738305802,0.019999999999999997,29.4,3.5807021926662173,157.8392434749843,0.0011860464579399412,28.3,0.10974313893549092,72.58609587106974
160,0.00019386465278844708,28.3,0.030026492390428493,6.00332602477135,1.7450536418528154e-05,28.3,0.01528834077652111,5.062972188624415e-31,0.019999999999999997,21.7,13.650668286260457,55.13530222653368,0.019999999999999997,29.4,3.229941592358292,142.35342450795636,0.0017013913924543622,28.3,0.11063702229080297,72.43743566588462
161,0.0001744202722711792,28.3,0.03033479554289165,6.122726084812838,1.8055214398988762e-05,28.3,0.015298895571685492,1.6554380090595334e-24,0.01999999999568397,21.7,15.518535996415599,62.76487369990399,0.019999999999999997,29.4,3.8526302660051033,169.8573847014461,0.0013416138152284127,28.3,0.11008283367943777,72.52823558443325
162,0.00021634988813103685,28.3,0.02974008727349033,5.894695707305988,2.236396605549505e-05,28.3,0.01535782270722811,6.587016704454939e-23,0.019999999999994904,21.7,14.660800678361504,59.25904823116413,0.019999999960596728,29.4,5.205297054651601,229.80560061000037,0.0012784125082488797,28.3,0.10995425063750239,72.54984740304192
163,0.00016890925505950386,28.3,0.0304699920803881,6.1701600609729885,1.7705129169958554e-05,28.3,0.015292871030488885,1.4632946098648079e-26,0.019999999999999993,21.7,12.533487126669707,50.580845678165815,0.019999807968706863,29.4,6.505295710735079,287.6689767419936,0.0014723669087810794,28.3,0.1103189526967271,72.49221181287314
164,0.00017382936321202894,28.3,0.03034628894051386,6.127061228957259,1.8700684145734365e-05,28.3,0.015309422260848823,2.1722703184204833e-22,0.01999999704971836,21.7,18.044845104485432,73.11318975580758,0.019999999999999997,29.4,3.992895854385924,176.06091682480204,0.0012796871446866677,28.3,0.10996730366594928,72.55477376694778
165,0.00015206414941174829,28.3,0.0308030869889115,6.306729587838784,1.8377501778457483e-05,28.3,0.01530424237801155,5.350539880966039e-34,0.019999999999999997,21.7,12.346739017886964,49.82010868730274,0.019999999999999997,29.4,3.765908818075145,166.02343216221414,0.0014493559736132114,28.3,0.11027583846522802,72.49561640368044
166,0.00021347045550772749,28.3,0.029772655801755817,5.907045824095489,1.9190822105544638e-05,28.3,0.015316950729067925,1.413597425654577e-23,0.01999999999963249,21.7,16.435905266694203,66.51875288475458,0.019999999999113425,29.4,4.761495837493524,210.10649901809535,0.0011665494951205394,28.3,0.10969887916891824,72.59640496986749
167,0.00017608767850377238,28.3,0.0303088064041579,6.11204789596819,1.749825364609728e-05,28.3,0.015289204572422267,1.1302026718917772e-16,0.01999999928504021,21.7,15.528315249090907,62.80455546690148,0.01999999999999532,29.4,3.87454426221935,170.82638054751942,0.0016348109445067944,28.3,0.11055149577205989,72.45062024358758
168,0.0001839032229926562,28.3,0.030173552336607068,6.060370524474209,1.1267343979372673e-05,28.3,0.01511723776748169,2.8761606071448833e-19,0.019999999999999997,21.7,11.277163727721618,45.46688369424316,0.019999999995196006,29.4,4.422279558559578,195.0697227421748,0.001348289506035216,28.3,0.1100941933317257,72.52541588962703
169,0.0001820843689192878,28.3,0.030206741876622974,6.072582719028393,1.761636505763694e-05,28.3,0.015291320270837142,2.1252807076653365e-15,0.01999988415193731,21.7,15.650550301547323,63.30360039254437,0.019999999998064285,29.4,3.4781305056371807,153.3088642841621,0.0015164828280795127,28.3,0.11038341362200793,72.47811458029567
170,0.00021386691972270766,28.3,0.029768315437742096,5.905367206505564,1.89436440307952e-05,28.3,0.015313201939192255,2.430894105636071e-31,0.019999999999999997,21.7,12.82479851065424,51.76777818804711,0.019999999999999997,29.4,3.188104549155916,140.5075813401683,0.0015282697247832992,28.3,0.11040128705534909,72.47516127590414
171,0.00016259506982412283,28.3,0.03094659115098862,6.291276700296299,1.4330872881578189e-05,28.3,0.015415427752097798,7.537514023349264e-05,0.019985796725956614,21.7,15.441924383711372,62.450689766272056,0.01999760798198951,29.4,5.536335101358878,244.52320558049294,0.0013883062669522255,28.3,0.12096374313561212,78.54060483546402
172,0.0001667545987092657,28.3,0.030479728302592685,6.179227438149092,1.636830625841121e-05,28.3,0.015267543551303735,7.963689664396839e-17,0.019999999999999997,21.7,12.850017824888958,51.870558874138744,0.019999999999999997,29.4,3.832691607475411,168.97579645134027,0.0013294912213238053,28.3,0.11005736599030941,72.53144357876384
173,0.00020945848159792014,28.3,0.029861542209697826,5.934151479714405,1.2733556620469948e-05,28.3,0.01541001700095255,0.00025295496532241896,0.019986659035296065,21.7,16.555626682682636,67.00784220358557,0.01999980752667701,29.4,5.693698780183869,251.5112058070238,0.0016510554393396827,28.3,0.11056517124992063,72.44425642757838
174,0.00017577735980843577,28.3,0.03031021333734084,6.113240620211761,2.0746549237993137e-05,28.3,0.015338527094905326,8.259037448691524e-23,0.01999998200853254,21.7,21.070547867321768,85.55177206680354,0.019999999995105246,29.4,4.587362816701525,202.38536065907306,0.0013438784030712892,28.3,0.11008635100215876,72.52716839388782
175,0.0001740925132876533,28.3,0.030340470310191436,6.124967680478465,1.716434263693173e-05,28.3,0.01528309084313581,2.32608733134706e-21,0.019999999999694183,21.7,16.415654477616048,66.43583804764238,0.019999999999300633,29.4,4.799264337428636,211.7817770276224,0.0012497147626809068,28.3,0.10989179544685992,72.56039835961221
176,0.00016271726047956464,28.3,0.03056194336011177,6.211488466988017,1.77724213476303e-05,28.3,0.01529404709924823,4.795103215073092e-41,0.019999999999999997,21.7,16.170229639838094,65.4311547153493,0.019999999999999997,29.4,4.1290704177657505,182.08635114909407,0.001431530356551882,28.3,0.11024563399670557,72.50056375867607
177,0.0001813229146637339,28.3,0.03021543786410943,6.076546208283083,2.1916827701869963e-05,28.3,0.015352768967780872,8.536985405050233e-32,0.019999999999999997,21.7,12.009433019516548,48.44661001894083,0.019999999999999997,29.4,4.020528779247097,177.28338850561957,0.0011832103244147814,28.3,0.10973603951536465,72.58693712005324
178,0.00020663528461244553,28.3,0.029853889878001666,5.937936443649131,1.319963587357051e-05,28.3,0.015187510535155279,1.6097383803018043e-20,0.019999999999999997,21.7,13.66913366255465,55.21063512431677,0.01999999999999915,29.4,4.5744264039581735,201.81193571663192,0.0012775219718288119,28.3,0.10995139565816323,72.54975630656982
179,0.00020581538208101934,28.3,0.02986492212733113,5.942000557005026,2.1063418505564593e-05,28.3,0.015342537118873893,1.4774410474345848e-22,0.019999999980686467,21.7,16.766895943308043,67.87425635376282,0.019999999999999997,29.4,3.639505059362834,160.43715427516798,0.0017278454066010746,28.3,0.11066882748062169,72.43228090961577
180,0.00017619065675292709,28.3,0.03030289836459881,6.110407073689058,1.3499090304944036e-05,28.3,0.015196646346418975,2.718096750365833e-12,0.01999999999999998,21.7,11.405819311328516,45.99020525173733,0.019999999981166167,29.4,4.395202837778085,193.87021524875337,0.0017046036680492566,28.3,0.1106409750224763,72.43683043261828
181,0.00021803580341690066,28.3,0.02982436054160045,5.908119215285516,2.0839891883556038e-05,28.3,0.015339709274045621,1.651517046329598e-16,0.019999999999991587,21.7,13.918297009683899,56.22740872299045,0.019998831999952907,29.4,5.258492706873764,232.16685000936423,0.0014678886333793636,28.3,0.11033803205574512,72.50176689848556
182,0.000208740333654188,28.3,0.029828622722175915,5.928257959597991,1.9082449833918363e-05,28.3,0.015315318873529007,3.9527079001202174e-32,0.019999999999723895,21.7,16.31163325212832,66.00997381100709,0.019999999999999938,29.4,4.256665825132064,187.7347119731056,0.0014423513159015607,28.3,0.11026417798039394,72.49761295176273
183,0.00015623947685025467,28.3,0.030703512946850423,6.26737991427461,1.6763338918515437e-05,28.3,0.015275439068682084,4.097222906122783e-33,0.019999999999976984,21.7,17.13960387122197,69.4013163940076,0.019999999999999997,29.4,3.565002052857732,157.14569849753775,0.0013113425363888147,28.3,0.11002095000982584,72.53749632216395
184,0.00019251868012057051,28.3,0.030047478181842606,6.01110556986095,1.965223824914261e-05,28.3,0.015323700485363502,6.932007355158215e-19,0.019999999668404933,21.7,14.486878893154246,58.54864162381104,0.01999999368577081,29.4,4.883735812376769,215.5293832508749,0.0018242030740458594,28.3,0.11077651911865266,72.4145594233269
185,0.00019093858086995073,28.3,0.03006821488633966,6.019426877041206,1.7317154522802493e-05,28.3,0.01528591521038657,1.8069645323198936e-30,0.019999999999999997,21.7,12.493218109397665,50.41675983313408,0.019999999999999997,29.4,4.014577387114593,177.02009189389446,0.0017948830404138972,28.3,0.1107454793998591,72.42002407998598
186,0.00014749395506621617,28.3,0.030913426914098405,6.351512612930701,1.899461986170822e-05,28.3,0.015313982908312785,1.468017956734337e-34,0.01999999999996547,21.7,18.16663183496709,73.61304465482655,0.019999999999999997,29.4,4.02179099389534,177.33923056740096,0.001482031309011559,28.3,0.11032943994028731,72.48691447234201
187,0.00018186351196367213,28.3,0.030206571674649463,6.073117601053215,1.5799732947931632e-05,28.3,0.015255535159677073,2.862902165056975e-12,0.019999999999999997,21.7,11.540835429253379,46.53948439542821,0.01999999994311118,29.4,4.7701238256519005,210.48919053878168,0.001824029601916746,28.3,0.11077704283071228,72.41495822798599
188,0.00016009481140065945,28.3,0.030621282157022083,6.234291790951184,1.683711431753102e-05,28.3,0.01527687362635504,3.7973996028428598e-34,0.01999999999845355,21.7,15.139800775619053,61.21638829461727,0.019999999999999997,29.4,3.8415033747663907,169.36540092062683,0.0013947774769897032,28.3,0.11018103365948526,72.51120513852
189,0.00016455336544358182,28.3,0.030528387026652393,6.197599290367037,2.0677828628984875e-05,28.3,0.015337641470433457,2.735622037878586e-23,0.019999999999999997,21.7,12.240172406069899,49.38610873219158,0.019999999999982757,29.4,4.23274114631795,186.67543359301763,0.0013942620432971819,28.3,0.11018008766319899,72.51134858667318
190,0.0001667889494987537,28.3,0.03047860616775208,6.178858939796508,1.5244915464109125e-05,28.3,0.015242894757920442,1.4188079151748805e-19,0.019999999999912872,21.7,16.507148758354973,66.81047217880497,0.019999999999999997,29.4,3.355956370114475,147.9147575605649,0.001503418914112824,28.3,0.11036320443031326,72.4813819504902
191,0.000184894225587688,28.3,0.03015785421680479,6.05430911491545,1.5533530913967146e-05,28.3,0.015249560703854246,4.037997083352787e-18,0.019999999999999997,21.7,11.253285794407985,45.369767862846665,0.019999999999999997,29.4,4.10856910881144,181.17903252987733,0.001483601263585465,28.3,0.1103319101265273,72.48647939023137
192,0.00017713610733623635,28.3,0.030288060926615495,6.104383700778877,1.6942784353746444e-05,28.3,0.015278923898867472,4.659053560236288e-17,0.019999999999999917,21.7,14.275857721734631,57.686930658385464,0.019999999999992045,29.4,3.66382870058256,161.51192436027895,0.0017857918008736258,28.3,0.11073449166648655,72.4211668493699
193,0.0001699996766270139,28.3,0.03041649931676951,6.154546996201559,1.6487120150367133e-05,28.3,0.01526995700642091,7.812555462365533e-18,0.019999999999999997,21.7,14.197564991586106,57.36727411293271,0.019999999999999997,29.4,3.843438622873189,169.4509677466569,0.001366785978425978,28.3,0.11012947461176842,72.51966663445128
194,0.00017225445840553786,28.3,0.03036582605839419,6.136139625347692,2.2169177329917637e-05,28.3,0.015355645801113678,8.485937923788779e-27,0.01999999999999624,21.7,14.362548474866044,58.040909123691556,0.019999999991456855,29.4,4.155279099570449,183.24634860808652,0.001363598418705016,28.3,0.1101246692036893,72.52112677846557
195,0.0001846052629402869,28.3,0.03016346088457064,6.056307501890334,1.8649030175059944e-05,28.3,0.015308606239446744,4.979242651879442e-22,0.01999999999999999,21.7,11.219649357947716,45.23297895342738,0.019999999999999997,29.4,3.792778965279568,167.21123899419544,0.0013669543968587517,28.3,0.1101319991623993,72.52060336835558
196,0.00022888152261547767,28.3,0.029738052767914185,5.870492283824918,1.7032897781144005e-05,28.3,0.015280986498419457,5.858209135387245e-16,0.019930168354991153,21.7,15.194828657477405,61.44279690734266,0.019997124617288906,29.4,5.722657270783259,252.80252332585735,0.0016050766121115025,28.3,0.11050950930330812,72.45608527686741
197,0.0001918025941478227,28.3,0.030055682998727438,6.014598277129223,1.705291157037841e-05,28.3,0.015281000009032764,3.5848985389343656e-28,0.019999999999999997,21.7,12.217626800454775,49.29430487562637,0.019999999999999997,29.4,3.215179548868903,141.7020957371497,0.0017015830719058001,28.3,0.11063697905832981,72.43724216686596
198,0.0001768693994786832,28.3,0.030290822503673494,6.105752923348089,1.4842690177574938e-05,28.3,0.015233184516573985,2.462860770801152e-16,0.019999999999999997,21.7,12.938023404669053,52.22924642416678,0.01999999999471452,29.4,4.70013396565359,207.38516299233578,0.0014724526264430185,28.3,0.110313864816498,72.48936508245475
199,0.00017393338235866017,28.3,0.030345681380352756,6.126621493755081,1.7757307604657183e-05,28.3,0.01529378369454264,6.583179787627598e-33,0.019999999999999997,21.7,13.667532469283595,55.20410436586835,0.019999999999999997,29.4,3.075311183973183,135.53246527050905,0.0016732452153154825,28.3,0.11060192796271993,72.44300597603353
200,0.00018180597181081617,28.3,0.030208255025661254,6.073650409968546,2.155433046265759e-05,28.3,0.015348520225539952,3.2984790195003527e-19,0.019999990000920866,21.7,16.568427051254453,67.06115733669911,0.019999999513634372,29.4,4.23430445892576,186.7446484752826,0.0018168106056963655,28.3,0.11076911205011394,72.41610104381853
201,0.00015974434945445799,28.3,0.030624468332837624,6.236265036873113,1.4752311991574816e-05,28.3,0.015230928504625924,2.0006252635422996e-34,0.019999999999999997,21.7,16.440866423281257,66.53907312051508,0.019999999999999997,29.4,4.195019599269449,185.0054660368453,0.001391822775522926,28.3,0.11017561915325283,72.51204695092002
202,0.00022051220468283827,28.3,0.029694169503262063,5.877388034627796,1.848595284981787e-05,28.3,0.015306000450455584,1.6631355453320508e-24,0.019999999997551712,21.7,16.56345632593586,67.04104263428673,0.019999999999999997,29.4,3.399814939306247,149.85090055997492,0.0013180577512838354,28.3,0.1100356115835465,72.53577294378643
203,0.00018824965396745542,28.3,0.030105932828848415,6.034310193418353,1.655573203760249e-05,28.3,0.015271337695086219,6.781073110893843e-13,0.019999999999994814,21.7,16.22307386958695,65.64745557124138,0.019999999999999997,29.4,3.5217388702614127,155.23476425397317,0.0018174625580403767,28.3,0.11077004201505165,72.41609614860604
204,0.00017513588634554317,28.3,0.030325001932096713,6.118441517749971,1.908290278738624e-05,28.3,0.01531532566357911,9.283692217894811e-18,0.019999998207810465,21.7,16.221744617237075,65.6417669513762,0.019999999999999993,29.4,4.06379308321232,179.19761837255217,0.0015090519145099272,28.3,0.11037164413820019,72.4797847620557
205,0.00018708702357139208,28.3,0.030126616304224033,6.041808897349001,1.7661453360577428e-05,28.3,0.015292102968938301,2.0755210831764723e-25,0.019999999899190612,21.7,17.34084851271771,70.22556190575379,0.019999999999999997,29.4,3.9748239150619056,175.2614817924846,0.001743664964404086,28.3,0.11068717809302923,72.42916887292664
206,0.00017646693358094228,28.3,0.030300525675951876,6.109092744321254,1.7644706134480738e-05,28.3,0.015291807803768266,2.280244745216451e-17,0.019999999999999747,21.7,14.090445335500215,56.92998464926201,0.019999998475089133,29.4,4.361496777447341,192.37716213659436,0.0016380733146003892,28.3,0.11055602210075291,72.45004227363658
207,0.00018034486635238326,28.3,0.030231583670404273,6.082802589379537,1.4395725285832356e-05,28.3,0.015221768988209556,1.9336307976449414e-17,0.019999999999999997,21.7,12.43053380125074,50.16141287127117,0.019999999999999997,29.4,3.7601324335417265,165.76809953046137,0.001620648914591177,28.3,0.11053307869122588,72.4539147653289
208,0.00016481773074859246,28.3,0.030593805123658092,6.2101590191370795,1.788828023946927e-05,28.3,0.015296051703765039,5.281479428717446e-18,0.019999999999999987,21.7,14.120892221425343,57.05426900624993,0.01999743724410103,29.4,6.663771717631241,294.74128277409767,0.0018203201409956419,28.3,0.11077182062555618,72.41494764129328
209,0.00019730327881378818,28.3,0.029979374941876916,5.985151949607582,1.85995341388259e-05,28.3,0.015307820063334327,8.610039005604466e-20,0.019999999999999997,21.7,14.21898995417154,57.45474624782958,0.019999999999999983,29.4,3.681222833651415,162.28056117627733,0.0014276476932290187,28.3,0.11023994003096285,72.50209470846212
210,0.00016993414142534662,28.3,0.030419694787842178,6.155482828267283,1.9897621369579555e-05,28.3,0.01532716469157786,2.245653087912154e-22,0.019999986333795416,21.7,20.104460077898676,81.57494495866801,0.019999999999999997,29.4,3.87064782815202,170.6540819912576,0.001813953075270725,28.3,0.11076643541905853,72.41679594413769
211,0.00018847734095763823,28.3,0.030102914344350393,6.03308121007834,1.8907204526498646e-05,28.3,0.015312641140918211,1.129379546225369e-24,0.019999999999626532,21.7,15.9389102667629,64.48449652845646,0.019999999994318046,29.4,4.480059966952807,197.62978189297093,0.0012753553845195143,28.3,0.10994746099561944,72.5507995367629
212,0.0001802365291898875,28.3,0.03023403426493668,6.083648677287899,1.8375883613971776e-05,28.3,0.015304215980075073,7.396263585004529e-19,0.019999999240721773,21.7,14.534502781615835,58.74314058431881,0.019999999999997648,29.4,3.8592505680971354,170.15011363498314,0.0018636293530974856,28.3,0.11081573702533846,72.40697818732666
213,0.0001930606025900698,28.3,0.030038660990369576,6.007884196083373,1.678031720695674e-05,28.3,0.015275771325023708,4.56697494479763e-22,0.019999999999999997,21.7,12.551178641811958,50.65288415052187,0.019999999697565263,29.4,4.410324146085785,194.5400804671698,0.0016558306747381049,28.3,0.11057961166720497,72.44654377831172
214,0.00017081062801073898,28.3,0.03040396895832054,6.1492103643946034,1.8135962585292624e-05,28.3,0.015300252734398858,3.5522642356839704e-22,0.01999999812023538,21.7,18.277009212883588,74.0658623081638,0.019999999999999973,29.4,3.4759604868241754,153.2130409253975,0.0016843962961103128,28.3,0.11061596570160762,72.44077480700936
215,0.00019523443478526378,28.3,0.030007456580328017,5.995986773787335,1.9541937838884363e-05,28.3,0.015322115524525367,1.774521850621852e-21,0.01999999999999999,21.7,11.204147974993727,45.169937691266114,0.019999999999999993,29.4,3.4050636289749465,150.0826233712084,0.001561203401660419,28.3,0.11044999845792818,72.46727599936008
216,0.00015581521944677513,28.3,0.030713903456323924,6.271390182966788,1.7932041404812986e-05,28.3,0.015296802234696748,3.6986122486397296e-43,0.019999999999999997,21.7,12.376910496664749,49.94299547573967,0.019999999999999997,29.4,3.975358579011623,175.2851321389689,0.0016832123784663398,28.3,0.11061428253282289,72.44089524811663
217,0.00017015815970787356,28.3,0.030413149652191523,6.153294207375114,1.599970340827834e-05,28.3,0.01525983015370636,8.49431264124085e-17,0.019999999999999997,21.7,12.152760036073355,49.030159438498316,0.019999999999999997,29.4,3.6034505303113433,158.8442033121472,0.0012407316522359002,28.3,0.10986939810168225,72.56280123788721
218,0.00020851927815117863,28.3,0.029832582231656423,5.9295612050232815,1.477149051773359e-05,28.3,0.015231418584525475,4.2369315364881443e-14,0.019999999999999997,21.7,13.120452291740362,52.97290996069666,0.019999999999383053,29.4,4.538735995759959,200.23004240818418,0.0015734979345524217,28.3,0.11046780540529723,72.4644938808059
219,0.00018599652713316545,28.3,0.03014118028708847,6.047785497533534,1.562432843924419e-05,28.3,0.015251619247821993,8.48395732880407e-14,0.0199999999923053,21.7,15.503647288352598,62.70398459170959,0.019999999999999997,29.4,4.068114884307861,179.38885315063908,0.0016167828660041714,28.3,0.11052803930448446,72.45485527150112
220,0.00019327478158743502,28.3,0.030035099832328327,6.006596092243105,1.9970557455115858e-05,28.3,0.015328178202575822,2.0033916737327715e-21,0.019999999913654008,21.7,15.785550255378988,63.857002194542176,0.01999999954469517,29.4,4.2378400657965365,186.90118420862396,0.0014141112257249672,28.3,0.11022331072941546,72.50967400167814
221,0.00018282568180455014,28.3,0.030191200488933312,6.06713310960057,1.3787932404025017e-05,28.3,0.015205088284522713,4.5919742995642304e-17,0.01999999999495686,21.7,15.12931290356245,61.17351729957944,0.019999999999999997,29.4,3.474493827882418,153.14827333838855,0.0016119896902127531,28.3,0.11052149897966645,72.4558874056553
222,0.00016465158921667014,28.3,0.030702970836569893,6.233679043250516,1.806513102080614e-05,28.3,0.015299062448533208,8.0564157741586125e-19,0.019990016686811874,21.7,19.686739195154114,79.82939937440688,0.019993028369569062,29.4,4.231733771861958,186.62971039180417,0.0018264476504416221,28.3,0.1107725365406654,72.41109514879726
223,0.00018350999136059894,28.3,0.030181419780739738,6.0631586249306135,1.8424359468683263e-05,28.3,0.015305004467505422,2.3948209805165157e-20,0.019999999999999744,21.7,13.285454682799614,53.64569405292548,0.019999999839774848,29.4,4.874641683342359,215.12586048397793,0.0018016731523098643,28.3,0.11075238569419342,72.4185483527101
224,0.0001633648742822259,28.3,0.03054849930460772,6.206196590545757,1.7263817708545024e-05,28.3,0.015284934968854727,8.708474403931335e-42,0.019999999999999987,21.7,15.467082816117738,62.55446582910853,0.019999999999979257,29.4,4.156677029053967,183.30822473453767,0.00145648165039453,28.3,0.1102877115800426,72.49367519496009
225,0.00017268456996065914,28.3,0.030366514084689936,6.135034878474324,1.6798857032258838e-05,28.3,0.015276131253444012,2.063926122094646e-25,0.019999999851264275,21.7,15.525471729526386,62.793238600132874,0.019999999999999997,29.4,3.320720601961288,146.3594790266086,0.0013381631965671394,28.3,0.11007601423775218,72.52934129123784
226,0.0002086441533160972,28.3,0.02983017986056864,5.928787670988904,1.751778014594316e-05,28.3,0.015289549866463163,1.4300727986680067e-29,0.019999999999999997,21.7,12.356320577979027,49.85913294789246,0.019999999999999782,29.4,5.119924107805226,226.01381557452675,0.0017792456639898662,28.3,0.11072804672195181,72.42276035756454
227,0.0001956798661326329,28.3,0.029998540040251875,5.992996871217888,1.799594303012711e-05,28.3,0.015297891737023677,1.8893444451029448e-41,0.019999999999999997,21.7,13.790898563572073,55.70745348759868,0.019999999999999997,29.4,3.38641930666804,149.25951750618762,0.001188483227508524,28.3,0.10974851039090606,72.58444311426125
228,0.00016392115410869483,28.3,0.030536740784551316,6.2016203230531435,1.550631483852796e-05,28.3,0.015248941748496003,4.02261015875484e-31,0.019999999999999997,21.7,14.384978081298048,58.13249970349307,0.019999999999999997,29.4,4.026894012510044,177.56500069451783,0.0013548620067598525,28.3,0.11010667662649239,72.52326460363383
229,0.0002166197011825948,28.3,0.029736839563194336,5.893503145379877,1.875879259573283e-05,28.3,0.01531033496961322,2.894782044221909e-24,0.01999999999966186,21.7,16.925431187970958,68.52371427632633,0.019999999999999997,29.4,3.2956617900038556,145.25351626500336,0.0017505178449550918,28.3,0.11069529799360488,72.42797019114421
230,0.00021632116675853935,28.3,0.029739289617706933,5.894568112125154,1.4952529416400091e-05,28.3,0.015235889957337061,2.588780885759302e-12,0.019999999995890992,21.7,17.22528232779643,69.75245133940481,0.019999999993612308,29.4,4.343877249721029,191.5967783423187,0.0018509842602991034,28.3,0.11080577520873648,72.41065348540144
231,0.0001778870147436743,28.3,0.03027306115935104,6.098889542997073,1.2674033535875265e-05,28.3,0.015170464583252273,2.9790492277226023e-18,0.01999999999987978,21.7,15.756824240786054,63.739523718637095,0.019999999999999997,29.4,3.6668992781688576,161.647608362193,0.0016482097550269885,28.3,0.11056986843200788,72.44820867536187
232,0.00018407778095456284,28.3,0.030170786368417368,6.059300386268968,1.5699618479509635e-05,28.3,0.015253287778284655,8.366763416085204e-18,0.019999999999999997,21.7,15.509273591428947,62.72700005262874,0.019999999999999997,29.4,3.418878615401189,150.69255813487948,0.001289664058733501,28.3,0.10997626303234524,72.54502704218801
233,0.00020968903332594413,28.3,0.02981597511577648,5.923647014969937,1.6706110699834745e-05,28.3,0.015274322455788584,4.319228831728075e-15,0.019999999999999997,21.7,13.590326124598922,54.88913146969804,0.019999999999999997,29.4,4.320354899797623,190.55500228910742,0.0011466455989318542,28.3,0.10963935479460604,72.60162861939651
234,0.00017676471672617756,28.3,0.03029182205148158,6.106271517792748,1.4416690168228515e-05,28.3,0.015222535464704732,2.0968167094757536e-16,0.01999999999999768,21.7,13.302181657192946,53.71394402419934,0.01999999552154843,29.4,4.178643653575766,184.2805570728572,0.00151363004621559,28.3,0.11037927247984992,72.47895491547648
235,0.0001705559958974322,28.3,0.030407091636390746,6.150695984237859,1.686043533296694e-05,28.3,0.01527732452168988,1.0285247763151146e-24,0.019999999999935514,21.7,15.858610990895208,64.15594602872739,0.019999999999999997,29.4,3.8053884668696996,167.76868527628392,0.0015308659142458144,28.3,0.11040510978347173,72.47447710652476
236,0.0001337333809752591,28.3,0.03130616355096427,6.511381097745969,1.6302787128578328e-05,28.3,0.015266195797648785,9.829308862991634e-22,0.019999999999999997,21.7,13.185536152258386,53.238260339755904,0.019999999999999983,29.4,4.787748992374542,211.27097424592728,0.001952148958784128,28.3,0.11090516060590001,72.39475108952638
237,0.00015180289114312997,28.3,0.03080685261994609,6.308652245727924,1.953259413101994e-05,28.3,0.0153219804473078,1.7128495527816183e-34,0.019999999999955814,21.7,17.751115393531055,71.90838281480491,0.019999999999999997,29.4,2.83614807855612,124.98969926929274,0.001417420580593062,28.3,0.11022109025400084,72.50450891500597
238,0.00014923964762876538,28.3,0.030873614000000063,6.334775894129337,2.064141423288319e-05,28.3,0.015337169828238672,9.591581660706284e-26,0.019999999999999997,21.7,13.472976004506297,54.410448928794594,0.019999999999999997,29.4,3.9773436472415846,175.37294201245854,0.0015983833089851167,28.3,0.11050293841086738,72.45895030944364
239,0.0001640238249085921,28.3,0.030534576529671675,6.200778533571803,1.7769683878127436e-05,28.3,0.015293999440823627,3.692553681927127e-38,0.019999999998700065,21.7,19.645512200076595,79.68760823915615,0.019999999999999997,29.4,3.8213091640994943,168.47254958774775,0.0012945940127348397,28.3,0.1099863483904875,72.54317324328532
240,0.00017477026601850015,28.3,0.03032853198626415,6.120290156741612,1.4681327883467216e-05,28.3,0.015229141860946939,1.9394157289443071e-16,0.019999999999999997,21.7,12.91993804725654,52.15553207771391,0.01999999999471622,29.4,4.585003428668833,202.28077564357636,0.0014682395645244084,28.3,0.11030704069013393,72.49050363077905
241,0.00017581999109026684,28.3,0.03031118796983182,6.113345124225283,1.858256872488209e-05,28.3,0.015307549657024846,2.7524530956208883e-20,0.019999992356405802,21.7,17.038552317913176,68.98682395903789,0.01999999770202978,29.4,4.960904749740173,218.9539725263014,0.0014713302331010169,28.3,0.1103144112906281,72.49094349481558
242,0.000158114927495292,28.3,0.03066210410491467,6.2508448954933895,1.6668230586757913e-05,28.3,0.015273574763475349,1.1572067562908481e-15,0.019999999999999997,21.7,12.273171814129748,49.52049434154534,0.019999999999999997,29.4,3.285907427709233,144.82303589522292,0.001423432785964146,28.3,0.11023155554434978,72.50278976795423
243,0.0001434013178440276,28.3,0.031021277380754185,6.395123746632087,1.857154568631121e-05,28.3,0.015307373717286278,1.8233301502601428e-42,0.019999999999999997,21.7,15.747953255871902,63.70323861708488,0.019999999999999997,29.4,3.6045316971261223,158.89196859445792,0.0012140734330971788,28.3,0.10980696294600106,72.57273149894644
244,0.00025348383595761534,28.3,0.029382616953664738,5.7616749868129755,1.876239703106071e-05,28.3,0.015310391438764363,3.4843157191141654e-32,0.019999999999999997,21.7,11.732240574128273,47.31833558916527,0.019999999999999997,29.4,4.055243543847948,178.81932128384003,0.001520948500869784,28.3,0.11039028811922695,72.47702556292505
245,0.00020391477979001468,28.3,0.029887698080267623,5.950855181648816,1.6416099703434067e-05,28.3,0.015268519552133321,5.16509616321246e-15,0.019999999999999997,21.7,12.11576971669409,48.87954346326651,0.019999999998709373,29.4,4.40318336975914,194.22374417553107,0.0016190583700615435,28.3,0.11053104356119718,72.45432122156339
246,0.0001532311642533429,28.3,0.030771777858013657,6.294798059298956,1.8516460803072962e-05,28.3,0.015306491395347883,6.895607974080889e-36,0.019999999999999997,21.7,13.883857861235263,56.08679129359707,0.019999999999999997,29.4,4.2108764675032955,185.70743680393224,0.0012410475467691075,28.3,0.10987011595101845,72.56268411683004
247,0.00018262968234549,28.3,0.03019429688552189,6.068341017667418,1.5654948131918598e-05,28.3,0.0152523118562171,4.1200923815720665e-13,0.019999999926756096,21.7,15.585719806697588,63.03963474307034,0.019999999999999997,29.4,3.7392629905043893,164.84564860605508,0.001501580803377054,28.3,0.11036022983309793,72.481788608617
248,0.00017354281089080668,28.3,0.03035388505808273,6.129633582005296,1.9747032177771148e-05,28.3,0.015325048783361188,7.84092867269444e-21,0.01999999990533946,21.7,15.649020441853054,63.298503319860195,0.019999999999999494,29.4,3.312077743844649,145.97801824620777,0.001628168667811316,28.3,0.11054303099990279,72.45222411865774
249,0.00019391682881140731,28.3,0.030024884405379263,6.002846329940563,1.813054550701019e-05,28.3,0.015300162049731692,5.645052072854446e-23,0.01999999986756848,21.7,17.654883166754534,71.51358263899516,0.019999999999999997,29.4,3.935776274254346,173.53432830644292,0.0014444750868280965,28.3,0.11026812245080742,72.49718524208481
250,0.00015802556096855067,28.3,0.03066362914267401,6.251523808227831,1.7356336069581307e-05,28.3,0.015286631487664827,2.30695738812684e-42,0.019999999999999997,21.7,13.702419665221676,55.34643885836911,0.019999999999999997,29.4,3.183851274026538,140.3199422051979,0.0016662348727622895,28.3,0.11059297957381864,72.44440811837059
251,0.00019105874649306766,28.3,0.030065784868692554,6.0185986990398606,1.7912436392925052e-05,28.3,0.01529646643652998,9.316152166020702e-24,0.0199999999951758,21.7,15.040738109923565,60.811484585849655,0.0199999975772843,29.4,4.541694199177593,200.36115036601032,0.0013979943467505465,28.3,0.11018766735239781,72.51058580064948
252,0.0002054458522327101,28.3,0.029869588343963267,5.943768599486354,1.8798687307753465e-05,28.3,0.015310958432146417,3.5462220311595785e-22,0.019999999999999997,21.7,14.277190034322981,57.69237024414158,0.019999999999999997,29.4,3.6593490556870956,161.3139789975717,0.0013766000082162712,28.3,0.11014805720332954,72.5167887535566
253,0.00018983769727677396,28.3,0.030084316806147832,6.025642784192765,2.190691139276534e-05,28.3,0.015352654592920501,1.457699654784827e-19,0.01999999997726586,21.7,14.403245346996638,58.207093441817555,0.019999999999999973,29.4,3.5412730238573227,156.09755290096487,0.0014396209276454504,28.3,0.1102602218726136,72.49866275397144
254,0.00018645260704672816,28.3,0.030137210104790497,6.045762574430838,2.0608929000406106e-05,28.3,0.015336747024408627,7.42571474141296e-18,0.019999963634396763,21.7,18.44570658279317,74.75562862888083,0.01999995557203831,29.4,4.439651259417114,195.83935720012263,0.001630933774712295,28.3,0.11054682747441241,72.4517060804927
255,0.00014124270136303178,28.3,0.031080810736660584,6.419327670982652,1.9049096067086222e-05,28.3,0.015314812955528376,1.5018998452506751e-55,0.019999999999999997,21.7,15.845499012092608,64.10230566948115,0.019999999999999997,29.4,3.936564474312984,173.56919036830078,0.0015389405106107947,28.3,0.11041737675599392,72.47261553206536
256,0.00017596364587413977,28.3,0.03031716695143496,6.114303017020273,1.8083486468410618e-05,28.3,0.015299371529751858,1.8292049565701008e-18,0.019990663439241472,21.7,17.511526976762806,70.91706378760927,0.019999745614181018,29.4,5.3254829630862,235.14208639677264,0.0014052418270870833,28.3,0.11030190009885461,72.54486408954729
257,0.00021198103741814267,28.3,0.029788528762527085,5.913283346333193,1.5405588950516762e-05,28.3,0.01524663634919206,1.3279706801865735e-17,0.019999999999999997,21.7,11.56670853308694,46.64475363659196,0.019999999999999997,29.4,3.2154777132389514,141.71525029455776,0.0013352770132212936,28.3,0.11006868067137485,72.52949733723645
258,0.0001809883685640524,28.3,0.030222062793293387,6.078934322947218,1.8497092190833603e-05,28.3,0.015306179761343203,1.872811615260206e-17,0.019999997651863017,21.7,14.436794770489422,58.344083068336,0.019999999999995136,29.4,3.8421411254737925,169.39359933011247,0.0015252417244995833,28.3,0.11039678920365087,72.47595554058572
259,0.0001943165936751508,28.3,0.030020188144413044,6.000893372858849,2.0565968172769905e-05,28.3,0.015336187423967819,3.639398983826369e-21,0.019999999999999993,21.7,12.874154878692002,51.96893510955045,0.019999999999999993,29.4,3.5887315322941755,158.1939487096604,0.0015602772322405305,28.3,0.11044870254701258,72.4675183927382
260,0.00020640277589247172,28.3,0.029857561661048294,5.9392091515206635,1.7417362475256637e-05,28.3,0.015287740908065848,9.720772414559648e-41,0.019999999999999997,21.7,12.510985361480417,50.489133239912064,0.019999999999999997,29.4,3.836411279468465,169.14025695187672,0.0011256668907694283,28.3,0.10958540696779127,72.6118867020772
261,0.0001841426458571031,28.3,0.030171539411377308,6.059308573650889,2.1277149334500674e-05,28.3,0.01534517535494308,2.3503970104846233e-19,0.019999999377174983,21.7,15.544745794883232,62.87198809993578,0.019999999196148303,29.4,4.3322041115456305,191.07978355842945,0.0016001779056935247,28.3,0.11050534666466774,72.45851412942865
262,0.000180207816298827,28.3,0.030235966144536067,6.084166244439308,2.194284432437199e-05,28.3,0.015353050777629542,2.6852732277693725e-16,0.0199999999997076,21.7,12.405592571176394,50.06028913773668,0.019999999999806468,29.4,3.6979307449017553,163.01892035612397,0.0015721492882367896,28.3,0.11046421474240295,72.46390022493067
263,0.00020988280341449725,28.3,0.02981530533675675,5.923135080871027,1.5351146271472727e-05,28.3,0.015245396777337638,4.555475964832604e-13,0.019999997298126442,21.7,16.83691772223202,68.1610718493,0.019999999999999997,29.4,3.915159659335282,172.62250844705568,0.0012976428767632973,28.3,0.10999361757318082,72.54251922252745
264,0.00018267505486709016,28.3,0.03019663774630175,6.068757770303115,2.1941719957894153e-05,28.3,0.015353051211246135,1.7723900583937234e-17,0.019999999999948042,21.7,12.74327089145887,51.4356641621868,0.019999997544590992,29.4,4.251953697103639,187.52605299498478,0.0014850789111277155,28.3,0.11033838631469411,72.48813712399028
265,0.0001844159246298728,28.3,0.03016563492802977,6.057277226987137,1.9173149201964864e-05,28.3,0.015316685854037624,5.930837233128724e-24,0.019999999999999997,21.7,13.647020224308111,55.120418902704216,0.019999999999999997,29.4,3.4221127093903982,150.83534877914167,0.0013041889581215762,28.3,0.11000756371488964,72.54051317839163
266,0.0001964300860654115,28.3,0.02998885895917455,5.989177018051765,1.5381674713722332e-05,28.3,0.015246118125481465,2.2142670721527926e-12,0.019999999999999997,21.7,13.607362396811212,54.958630586351866,0.019999999999999997,29.4,3.9982485875229097,176.29771102934734,0.0017653699897059894,28.3,0.11071237074439687,72.42526264666007
267,0.00016272556511805338,28.3,0.030563185523943867,6.2117483039066625,1.6421946256830776e-05,28.3,0.015268640382859416,1.4730856805870825e-12,0.019999999999999636,21.7,14.85209666144714,60.040597741278795,0.01999999999999973,29.4,4.328411670761881,190.9118184923362,0.001792751370987109,28.3,0.1107431568850586,72.4204108350238
268,0.00022917154606682632,28.3,0.029601945169601518,5.843118378553876,1.6592473689478443e-05,28.3,0.015272073920529965,2.488112354366578e-11,0.01999999999995883,21.7,15.079942524538684,60.97172576936628,0.019999999999970784,29.4,4.487452085841097,197.95734070876017,0.0014654269271152883,28.3,0.11030243004471998,72.49125010374205
269,0.00021476629216009865,28.3,0.029758045615292064,5.901476956181935,1.894692882601628e-05,28.3,0.015313252405141548,4.7009682694725636e-24,0.019999999999999997,21.7,13.026405170447354,52.589507583213766,0.019999999999999997,29.4,3.093003994180622,136.31273717985752,0.00145319773002124,28.3,0.11028222898016146,72.49455239850822
270,0.00017241008421951036,28.3,0.03037527045123458,6.137852773584659,2.2041352368986113e-05,28.3,0.015354196649232614,7.026792620161063e-21,0.01999999999999999,21.7,10.938329183717757,44.08907566919904,0.019999999999999993,29.4,3.5432428693140148,156.1845611560047,0.0014232021295089658,28.3,0.11023194734171192,72.50319298295035
271,0.00012748342460459266,28.3,0.03151109424537199,6.596969639256914,1.3815418119833887e-05,28.3,0.015205870369557582,5.695621398825229e-42,0.019999999999999997,21.7,16.77038748123357,67.88857201964011,0.019999999999999997,29.4,3.8651314834831365,170.41015600719248,0.0012453701401511196,28.3,0.10987960687046672,72.560908144171
272,0.00018314513772257654,28.3,0.030186014630703556,6.065134076476009,1.662503198792687e-05,28.3,0.015272715986599473,3.813499981624088e-32,0.019999999999999997,21.7,12.353447478841991,49.84743628270732,0.019999997107330424,29.4,4.1162598590683865,181.51938761994097,0.0017763822532248506,28.3,0.11072496706600572,72.42335104129626
273,0.0001688007585774768,28.3,0.030441493388142376,6.163983986249075,1.856259213531779e-05,28.3,0.01530723066193103,2.0773683838475002e-24,0.019999999999999997,21.7,11.844012982795798,47.77324202003272,0.019999999999999997,29.4,3.9565373051012305,174.45260063114313,0.001550913920531598,28.3,0.1104350662039826,72.46974104794266
274,0.0001836345561903076,28.3,0.030179623216574927,6.062433253326618,1.7064738828507768e-05,28.3,0.015281227025975303,9.772587270219498e-18,0.01999999999999997,21.7,13.978898412107476,56.474674213003276,0.01999999862924759,29.4,4.4512266067945045,196.35220381917546,0.0016058274138465287,28.3,0.11051297791540912,72.45718392491472
275,0.00019123985655708145,28.3,0.030064513246862507,6.0178917847539495,2.0476562073493717e-05,28.3,0.01533501396583157,8.230392701316493e-20,0.01999999870133257,21.7,15.947467337359548,64.51943941475899,0.0199999955803016,29.4,4.505610797635646,198.7620166934052,0.0016233434280260848,28.3,0.11053690332808552,72.4534470556438
276,0.0001818554716297097,28.3,0.03020696600898936,6.073227857364405,1.5311145891060937e-05,28.3,0.015244446258884195,3.2651424732136746e-21,0.019999999990987904,21.7,14.64312433965071,59.18683517145845,0.019999992603778657,29.4,4.655192264453501,205.39240139509724,0.001747137521919013,28.3,0.11069055613495928,72.4281675991648
277,0.00016854324261117982,28.3,0.030449498942098377,6.166627420416794,1.7133510545269825e-05,28.3,0.01528251497456051,8.596215650162178e-30,0.01999999999999595,21.7,15.280343164599914,61.79091423061662,0.019999999999999997,29.4,3.4826741989889576,153.50952096419323,0.001525028451181767,28.3,0.11039662207052416,72.47609319063665
278,0.000182695685009459,28.3,0.030200026247180906,6.069475147920095,1.858850720023381e-05,28.3,0.015307641580265869,1.7387842169856255e-17,0.01999999999985612,21.7,13.207893306357256,53.32965839248309,0.019999999999983573,29.4,3.9793061004548584,175.45975474227848,0.0015921547894206698,28.3,0.11049203205115138,72.4591321935188
279,0.0001762848864982972,28.3,0.03030444147732575,6.110497107529237,2.4094532211975737e-05,28.3,0.015375637676784149,3.383950998380565e-20,0.019999999999999997,21.7,14.08613425285712,56.912384148967114,0.019999999999999997,29.4,4.0050737096948055,176.59964641443267,0.0015137109393936184,28.3,0.1103791347577874,72.4787861991647
280,0.00014725716869203417,28.3,0.030918546601342536,6.3537337384697565,1.8165542377426527e-05,28.3,0.015300746907499711,8.63378141323709e-37,0.019999999999999997,21.7,10.88192237723864,43.85975187956653,0.019999999999999997,29.4,3.347932142340748,147.56055824791565,0.0015900214976394087,28.3,0.11049117139060652,72.46074631447463
281,0.00018373169229723461,28.3,0.030176373809777005,6.061447485365607,1.613362786498442e-05,28.3,0.015262683207732646,1.0141972080891134e-13,0.019999999999927656,21.7,17.741759241113762,71.86999516682188,0.0199999999998846,29.4,4.797943875215109,211.72320210384916,0.0013838403602957597,28.3,0.11016104931230519,72.51442232180682
282,0.00015841342734731792,28.3,0.03065606260399417,6.248361209321195,1.6267226987435635e-05,28.3,0.015265462088145781,3.071925532512268e-17,0.019999999999999997,21.7,13.817146056020174,55.81455616658997,0.019999999999999997,29.4,3.8275485316882776,168.74840557004515,0.001376391372060104,28.3,0.11014718036604879,72.51660016059257
283,0.00018904871111251166,28.3,0.030094779499778474,6.02987634194486,1.57422386663507e-05,28.3,0.015254264402096875,1.9593650583880177e-12,0.01999999988591684,21.7,15.531954933256165,62.81974933300527,0.019999999999999997,29.4,3.899417422645751,171.92631260652098,0.0016570362492525457,28.3,0.11058098945933832,72.44619160683973
284,0.00019374262417980808,28.3,0.03002934389792104,6.004243597725378,1.8207485108873563e-05,28.3,0.015301444921683066,6.239288160706711e-21,0.01999999857577563,21.7,18.03066319363515,73.05445316310515,0.019999999999999695,29.4,3.5536059676192635,156.64230663620862,0.0015017884987627737,28.3,0.11036082103181481,72.48188472911933
285,0.00014569691858622592,28.3,0.030960813015405653,6.370500443776833,1.64397436818593e-05,28.3,0.01526899762548026,1.2083784169898334e-19,0.019999999999999997,21.7,13.959472496065878,56.39538641141413,0.019999999999999997,29.4,4.283979576285623,188.94414936064942,0.0017380543361771802,28.3,0.11068093232944548,72.43038190176735
286,0.00015742449455082255,28.3,0.030676673436824457,6.256749719155814,1.7592284670814902e-05,28.3,0.0152908789417103,3.009496455776929e-37,0.019999999999945513,21.7,16.935331841295984,68.56428934689264,0.019999999999999997,29.4,4.111831355096282,181.32340355911833,0.0015233277182627703,28.3,0.11039382408055665,72.476389569076
287,0.00014091266866372447,28.3,0.03109161239526627,6.423470395385515,1.630674068853526e-05,28.3,0.015266277314608155,4.262981011113837e-24,0.019999999999999997,21.7,12.570418963246324,50.731257735766874,0.019999999999999997,29.4,3.963309386553271,174.7521473332622,0.0015407211867928651,28.3,0.11041999127980212,72.47216579637984
288,0.000176313569766797,28.3,0.030300400965264117,6.109491374507319,1.542279433270745e-05,28.3,0.01524703218959178,2.167999971717528e-14,0.019999999999999997,21.7,12.19303256543113,49.194148631884595,0.019999999999998245,29.4,4.491789968378768,198.14956343221553,0.001217385352390225,28.3,0.10981539023255373,72.57176600980382
289,0.0002010491835187803,28.3,0.02992571894065993,5.965196486982058,2.0738465188870037e-05,28.3,0.015338423208250409,9.219712524007818e-32,0.019999999999999997,21.7,13.7752826555641,55.643733478973786,0.019999999999993107,29.4,4.79386588970696,211.54230749566398,0.0013117475960287887,28.3,0.1100227302015344,72.5378416198847
290,0.00016937371372114976,28.3,0.030428389238307183,6.159197734651872,1.749726559578089e-05,28.3,0.015289181978102596,2.3742007804159876e-38,0.019999999999949995,21.7,20.13797585322964,81.71300251851875,0.019999999999838654,29.4,4.177319047775833,184.22192023443208,0.001004696425675248,28.3,0.10921923277635832,72.67723367201653
291,0.0001468028675463914,28.3,0.0309303687177672,6.3584810263120835,1.8466559937704888e-05,28.3,0.015305687570131883,2.246395020121802e-43,0.019999999999999997,21.7,14.380362548797722,58.113652348762635,0.019999999999999997,29.4,3.906979468640141,172.26073718857964,0.0015399097233289884,28.3,0.11041888915151549,72.47242116879376
292,0.00016042161408206683,28.3,0.030614654915594692,6.231606894728112,1.9494444320509174e-05,28.3,0.015321427620125139,1.3183351581195202e-30,0.019999999999999997,21.7,14.203666050441447,57.39218214708534,0.019999999999841107,29.4,4.8609507873910465,214.51843467973268,0.0016030776160113663,28.3,0.11050943051221525,72.45791550071073
293,0.00016915062596570371,28.3,0.030434610104538504,6.1613177261688845,1.8933364451110502e-05,28.3,0.01531304395197597,7.386758840254501e-23,0.019999999999999997,21.7,13.73271934849959,55.4700651743509,0.019999999999983784,29.4,4.175899484048237,184.15908261096146,0.0012974853497580419,28.3,0.10999418764230487,72.5430652398603
294,0.0001878761159723762,28.3,0.030114103954526628,6.037060801116844,2.0410420150684578e-05,28.3,0.015334139409393141,2.74211342986681e-20,0.01999999999999978,21.7,12.687396902521176,51.207878176368794,0.01999999998797823,29.4,4.256883643910763,187.7443567022924,0.0014895764706890436,28.3,0.11034161092395528,72.48501911333835
295,0.00018822380251124122,28.3,0.030108523977660444,6.034959957896403,2.0080538610568852e-05,28.3,0.015329692778812408,1.118161874622473e-19,0.019999956127918668,21.7,17.787609517984766,72.05755338214557,0.019999999091572216,29.4,5.109964790289111,225.5714974385689,0.0015343493911815227,28.3,0.11041051705802234,72.47372761939063
296,0.0001892388490052725,28.3,0.030091478412171708,6.028677829496816,1.7960144501587085e-05,28.3,0.015297282318330007,2.4286291655322118e-33,0.019999999999999997,21.7,13.956405172162835,56.38286883869243,0.019999999999999997,29.4,3.7877902936290937,166.9907051881081,0.0011017655571885334,28.3,0.10952083932374869,72.62433014142822
297,0.00016006095420143334,28.3,0.030619140124198217,6.233912712329828,1.4552300719013837e-05,28.3,0.015225844039070692,8.729340528066415e-22,0.019999999999999997,21.7,13.110509444870598,52.93237173730024,0.019999999999999997,29.4,3.8537943655914075,169.90885686601294,0.001826514803055826,28.3,0.11078003953597125,72.41473060761179
298,0.00015675136533616811,28.3,0.030692513556021945,6.26291623205419,1.9334901322797957e-05,28.3,0.015319092374852924,3.4819477058358364e-26,0.019999999999971277,21.7,16.164533698260186,65.40784146019227,0.019999999999999997,29.4,4.007666029827832,176.71433020993132,0.0015682376902302437,28.3,0.11046020853315223,72.46567104307854
299,0.0001550750775571455,28.3,0.030732109971895776,6.278431485626267,1.874470571867927e-05,28.3,0.015310114234865552,3.016080420457368e-32,0.019999999999997735,21.7,15.90015749775153,64.3259325246948,0.019999999999999952,29.4,4.198201383910979,185.14631746926673,0.0018464404610309916,28.3,0.11080078809240977,72.41125636316838
