concentration,electric_field,gap_mm,pressure,ne,ni,CF4,ErrCF4,Ar_dbleStar,ErrAr_dbleStar,CF3,ErrCF3,Ar_3rd,ErrAr_3rd,Ar_696,ErrAr_696,Ar_727,ErrAr_727,Ar_750,ErrAr_750,Ar_763,ErrAr_763,Ar_772,ErrAr_772,Ar_794,ErrAr_794
0.1,4.3,0.57,0.05,120.24,119.24,0.07485029940119761,0.0249500998003992,94.20326014637392,0.8851328981523996,0.016633399866932803,0.011761589840095602,0.008316699933466402,0.008316699933466402,70.32601463739189,0.7647747127460179,70.32601463739189,0.7647747127460179,79.90685296074518,0.8152063043807616,79.90685296074518,0.8152063043807616,70.32601463739189,0.7647747127460179,75.06653359946773,0.7901302645717646
0.1,17.2,0.57,1.0,92.13,91.4,0.054271138608488007,0.024270791028978507,533.9737327689135,2.407461836224759,0.0,0.0,0.0,0.0,368.4359057853034,1.9997717925412406,368.4359057853034,1.9997717925412406,427.1247150765223,2.153162539848253,427.1247150765223,2.153162539848253,368.4359057853034,1.9997717925412406,395.9947899706936,2.0732143224827775
0.1,44.5,0.05,0.2,97.4,96.13,0.061601642710472276,0.02514876532631599,47.217659137577,0.6962620876051734,0.01026694045174538,0.01026694045174538,0.27720739219712526,0.05334858750212147,37.474332648870636,0.6202795674329862,37.474332648870636,0.6202795674329862,41.72484599589322,0.6545124209654714,41.72484599589322,0.6545124209654714,37.474332648870636,0.6202795674329862,39.40451745379877,0.6360533265598989
0.1,55.6,0.05,1.0,87.55,86.56,0.03426613363792119,0.019783561479941487,141.66761850371216,1.2720589016517327,0.011422044545973729,0.011422044545973729,0.0,0.0,105.10565391205026,1.095683102460349,105.10565391205026,1.095683102460349,119.2233009708738,1.1669506650271697,119.2233009708738,1.1669506650271697,105.10565391205026,1.095683102460349,112.2215876641919,1.1321660537749292
0.1,95.4,0.57,10.0,218.4,226.79,0.07326007326007326,0.018315018315018316,1738.3608058608058,2.82126345798521,0.004578754578754579,0.004578754578754579,0.0,0.0,1077.5869963369962,2.2212623423369906,1077.5869963369962,2.2212623423369906,1288.0906593406594,2.4285491562468007,1288.0906593406594,2.4285491562468007,1077.5869963369962,2.2212623423369906,1172.4175824175825,2.316940304303691
0.1,180.8,0.05,10.0,92.45,91.68,0.02163331530557058,0.015297063952115685,490.8058409951325,2.3041004222975436,0.0,0.0,0.0,0.0,338.71281773931855,1.9140900167172046,338.71281773931855,1.9140900167172046,392.7744726879394,2.061190676725156,392.7744726879394,2.061190676725156,338.71281773931855,1.9140900167172046,363.980530016225,1.984200792627814
0.2,4.3,0.57,0.05,114.92,113.9,0.06961364427427776,0.02461213996472494,95.86668987121476,0.9133475273990216,0.00870170553428472,0.00870170553428472,0.01740341106856944,0.01230606998236247,72.16324399582318,0.7924287347455247,72.16324399582318,0.7924287347455247,81.81343543334494,0.8437513993405777,81.81343543334494,0.8437513993405777,72.16324399582318,0.7924287347455247,76.89697180647407,0.8180066045809968
0.2,17.3,0.57,1.0,93.3,92.98,0.11789924973204716,0.035547961311419074,533.0225080385852,2.3901873982834534,0.010718113612004287,0.010718113612004287,0.0,0.0,367.9849946409432,1.9859770844786748,367.9849946409432,1.9859770844786748,427.53483386923904,2.140646379601237,427.53483386923904,2.140646379601237,367.9849946409432,1.9859770844786748,395.3590568060022,2.0585196837488797
0.2,44.3,0.05,0.2,101.32,100.02,0.1381760757994473,0.036929109620745575,47.44374259771023,0.6842926573889835,0.0,0.0,0.29609159099881566,0.05405868115921498,37.34701934465061,0.6071281681496131,37.34701934465061,0.6071281681496131,41.99565732333202,0.6438053792854495,41.99565732333202,0.6438053792854495,37.34701934465061,0.6071281681496131,39.636794315041456,0.6254630682098247
0.2,56.3,0.05,1.0,103.95,102.97,0.0962000962000962,0.030421141511961323,136.77729677729678,1.1470827828873145,0.00962000962000962,0.00962000962000962,0.0,0.0,102.17412217412218,0.9914212213943644,102.17412217412218,0.9914212213943644,115.7960557960558,1.0554426420783023,115.7960557960558,1.0554426420783023,102.17412217412218,0.9914212213943644,109.38912938912938,1.0258286782147894
0.2,95.5,0.57,10.0,144.05,156.34,0.15966678236723358,0.03329282556968218,1837.5147518222839,3.5715668707152695,0.013884068031933355,0.009817518655835439,0.0,0.0,1142.7421034363067,2.8165501155726225,1142.7421034363067,2.8165501155726225,1363.4085387018395,3.0764961325065228,1363.4085387018395,3.0764961325065228,1142.7421034363067,2.8165501155726225,1242.276987157237,2.936652703691422
0.2,181.7,0.05,10.0,103.7,103.25,0.09643201542912247,0.030494480811652645,500.3471552555448,2.196576531685619,0.009643201542912247,0.009643201542912247,0.0,0.0,346.0559305689489,1.8267695759444924,346.0559305689489,1.8267695759444924,400.19286403085823,1.964469506987788,400.19286403085823,1.964469506987788,346.0559305689489,1.8267695759444924,371.22468659594983,1.8920344792178547
0.5,4.5,0.57,0.05,156.94,155.95,0.3313368166178157,0.04594814929863628,93.1566203644705,0.7704421562478319,0.02548744743213967,0.012743723716069836,0.006371861858034918,0.006371861858034918,70.06499299095196,0.6681649919163161,70.06499299095196,0.6681649919163161,79.44437364597935,0.7114833619068617,79.44437364597935,0.7114833619068617,70.06499299095196,0.6681649919163161,74.7610551803237,0.6901935351551391
0.5,17.4,0.57,1.0,97.5,97.91,0.22564102564102564,0.04810682830588133,518.225641025641,2.3054576074502355,0.020512820512820513,0.014504754485877899,0.0,0.0,358.3076923076923,1.9170160902651041,358.3076923076923,1.9170160902651041,415.2307692307692,2.0636804792204586,415.2307692307692,2.0636804792204586,358.3076923076923,1.9170160902651041,385.2102564102564,1.9876806646744287
0.5,44.3,0.05,0.2,98.01,96.79,0.49994898479746963,0.07142128354249566,47.862463013978164,0.6988151750298037,0.040812162024283234,0.020406081012141617,0.22446689113355778,0.047856501987791344,37.3635343332313,0.6174314976189069,37.3635343332313,0.6174314976189069,41.89368431792674,0.6537912190021751,41.89368431792674,0.6537912190021751,37.3635343332313,0.6174314976189069,39.61840628507295,0.635789433784936
0.5,55.9,0.05,1.0,94.27,93.33,0.32884268590219584,0.05906188992075975,138.1775750503872,1.2106874201823494,0.03182348573247056,0.018373298054194093,0.0,0.0,102.68378063010502,1.0436723348890502,102.68378063010502,1.0436723348890502,116.30423252360242,1.1107364050245825,116.30423252360242,1.1107364050245825,102.68378063010502,1.0436723348890502,109.4091439482338,1.0773084255740377
0.5,96.8,0.57,10.0,84.3,104.67,0.40332147093712933,0.06916906162331318,2010.67615658363,4.883793321527616,0.02372479240806643,0.016775961593986893,0.0,0.0,1250.771055753262,3.851901066211607,1250.771055753262,3.851901066211607,1493.7129300118625,4.2093959888430605,1493.7129300118625,4.2093959888430605,1250.771055753262,3.851901066211607,1359.3357058125741,4.015591950962883
0.5,184.5,0.05,10.0,124.21,124.77,0.2415264471459625,0.04409649444530764,483.02069076563885,1.9719894467146062,0.016101763143064166,0.01138566590752029,0.0,0.0,333.8700587714355,1.6394963566441019,333.8700587714355,1.6394963566441019,387.7143547218421,1.7667604120107885,387.7143547218421,1.7667604120107885,333.8700587714355,1.6394963566441019,358.75533370904117,1.6994989570008456
1.0,0.8,13.8938,0.05,77.86,80.08,0.5137426149499101,0.08122983971662932,598.2918058052916,2.772038946414328,0.05137426149499101,0.025687130747495505,0.0,0.0,411.39224248651425,2.298639415094989,411.39224248651425,2.298639415094989,476.3293090161829,2.4734119389582965,476.3293090161829,2.4734119389582965,411.39224248651425,2.298639415094989,440.77832006164914,2.3793203166119734
1.0,0.8,13.8938,0.05,77.86,80.08,0.5137426149499101,0.08122983971662932,598.2918058052916,2.772038946414328,0.05137426149499101,0.025687130747495505,0.0,0.0,411.39224248651425,2.298639415094989,411.39224248651425,2.298639415094989,476.3293090161829,2.4734119389582965,476.3293090161829,2.4734119389582965,411.39224248651425,2.298639415094989,440.77832006164914,2.3793203166119734
1.0,1.0,8.1726,0.05,90.2,90.97,0.4878048780487805,0.0735393523360399,437.1951219512195,2.20157956284148,0.03325942350332594,0.019202337112736997,0.0,0.0,305.8647450110865,1.8414564063136298,305.8647450110865,1.8414564063136298,353.3259423503326,1.9791763565804705,353.3259423503326,1.9791763565804705,305.8647450110865,1.8414564063136298,327.86031042128604,1.9065190718718639
1.0,1.0,8.1726,0.05,90.2,90.97,0.4878048780487805,0.0735393523360399,437.1951219512195,2.20157956284148,0.03325942350332594,0.019202337112736997,0.0,0.0,305.8647450110865,1.8414564063136298,305.8647450110865,1.8414564063136298,353.3259423503326,1.9791763565804705,353.3259423503326,1.9791763565804705,305.8647450110865,1.8414564063136298,327.86031042128604,1.9065190718718639
1.0,1.4,3.9348,0.05,122.6,122.44,0.6117455138662317,0.07063828742124297,286.1745513866232,1.5278132433577436,0.08972267536704731,0.027052404489032626,0.0,0.0,205.38336052202285,1.2943072763560612,205.38336052202285,1.2943072763560612,236.05220228384994,1.3875824337573097,236.05220228384994,1.3875824337573097,205.38336052202285,1.2943072763560612,219.91027732463297,1.3392989489849934
1.0,1.4,3.9348,0.05,122.6,122.44,0.6117455138662317,0.07063828742124297,286.1745513866232,1.5278132433577436,0.08972267536704731,0.027052404489032626,0.0,0.0,205.38336052202285,1.2943072763560612,205.38336052202285,1.2943072763560612,236.05220228384994,1.3875824337573097,236.05220228384994,1.3875824337573097,205.38336052202285,1.2943072763560612,219.91027732463297,1.3392989489849934
1.0,1.5,3.145,0.05,136.95,136.51,0.4965315808689303,0.06021329865816226,248.55056589996352,1.347182274078317,0.021905805038335162,0.012647322435698265,0.0,0.0,179.09456005841548,1.1435632202413148,179.09456005841548,1.1435632202413148,205.03103322380431,1.2235698918341467,205.03103322380431,1.2235698918341467,179.09456005841548,1.1435632202413148,191.56626506024097,1.182710623149449
1.0,1.5,3.145,0.05,136.95,136.51,0.4965315808689303,0.06021329865816226,248.55056589996352,1.347182274078317,0.021905805038335162,0.012647322435698265,0.0,0.0,179.09456005841548,1.1435632202413148,179.09456005841548,1.1435632202413148,205.03103322380431,1.2235698918341467,205.03103322380431,1.2235698918341467,179.09456005841548,1.1435632202413148,191.56626506024097,1.182710623149449
1.0,2.3,1.3952,0.05,111.59,110.76,0.4570301998386952,0.06399702866334663,164.45021955372346,1.2139605955597064,0.026884129402276188,0.015521559347332889,0.0,0.0,121.28326911013531,1.0425281932379518,121.28326911013531,1.0425281932379518,137.13594408101085,1.1085697191091481,137.13594408101085,1.1085697191091481,121.28326911013531,1.0425281932379518,128.91836186038174,1.0748423020120936
1.0,2.3,1.3952,0.05,111.59,110.76,0.4570301998386952,0.06399702866334663,164.45021955372346,1.2139605955597064,0.026884129402276188,0.015521559347332889,0.0,0.0,121.28326911013531,1.0425281932379518,121.28326911013531,1.0425281932379518,137.13594408101085,1.1085697191091481,137.13594408101085,1.1085697191091481,121.28326911013531,1.0425281932379518,128.91836186038174,1.0748423020120936
1.0,2.3,1.3967,0.05,105.4,104.51,0.49335863377609107,0.06841653274125216,161.49905123339659,1.2378404836389263,0.03795066413662239,0.018975332068311195,0.0,0.0,118.96584440227703,1.0624067964579875,118.96584440227703,1.0624067964579875,135.7020872865275,1.1346788463315975,135.7020872865275,1.1346788463315975,118.96584440227703,1.0624067964579875,127.25806451612902,1.0988093630298474
1.0,2.3,1.3967,0.05,105.4,104.51,0.49335863377609107,0.06841653274125216,161.49905123339659,1.2378404836389263,0.03795066413662239,0.018975332068311195,0.0,0.0,118.96584440227703,1.0624067964579875,118.96584440227703,1.0624067964579875,135.7020872865275,1.1346788463315975,135.7020872865275,1.1346788463315975,118.96584440227703,1.0624067964579875,127.25806451612902,1.0988093630298474
1.0,3.5,0.7054,0.05,75.28,74.3,0.5844845908607864,0.08811436743770988,113.04463336875664,1.2254205797820203,0.039851222104144525,0.023008113809363406,0.0,0.0,84.88310308182784,1.0618686977529936,84.88310308182784,1.0618686977529936,95.49681190223167,1.1263014193002907,95.49681190223167,1.1263014193002907,84.88310308182784,1.0618686977529936,89.91764080765144,1.0929055883143806
1.0,3.5,0.7054,0.05,75.28,74.3,0.5844845908607864,0.08811436743770988,113.04463336875664,1.2254205797820203,0.039851222104144525,0.023008113809363406,0.0,0.0,84.88310308182784,1.0618686977529936,84.88310308182784,1.0618686977529936,95.49681190223167,1.1263014193002907,95.49681190223167,1.1263014193002907,84.88310308182784,1.0618686977529936,89.91764080765144,1.0929055883143806
1.0,3.9,0.6076,0.05,82.84,81.85,0.48285852245292127,0.07634663592873925,104.53887011105746,1.1233597415868508,0.07242877836793819,0.029568924949096787,0.0,0.0,78.60936745533559,0.974130420175375,78.60936745533559,0.974130420175375,89.00289715113472,1.0365303590877863,89.00289715113472,1.0365303590877863,78.60936745533559,0.974130420175375,83.63109608884596,1.0047634981499185
1.0,3.9,0.6076,0.05,82.84,81.85,0.48285852245292127,0.07634663592873925,104.53887011105746,1.1233597415868508,0.07242877836793819,0.029568924949096787,0.0,0.0,78.60936745533559,0.974130420175375,78.60936745533559,0.974130420175375,89.00289715113472,1.0365303590877863,89.00289715113472,1.0365303590877863,78.60936745533559,0.974130420175375,83.63109608884596,1.0047634981499185
1.0,4.1,0.57,0.05,81.03,80.05,0.5676909786498827,0.08370146838362666,100.72812538565964,1.1149424636914953,0.024682216463038382,0.017452962635728684,0.0,0.0,75.95952116500061,0.9682069365128744,75.95952116500061,0.9682069365128744,86.09157102307788,1.030759620773595,86.09157102307788,1.030759620773595,75.95952116500061,0.9682069365128744,80.80957669998766,0.9986389398565425
1.0,4.1,0.57,0.05,81.03,80.05,0.5676909786498827,0.08370146838362666,100.72812538565964,1.1149424636914953,0.024682216463038382,0.017452962635728684,0.0,0.0,75.95952116500061,0.9682069365128744,75.95952116500061,0.9682069365128744,86.09157102307788,1.030759620773595,86.09157102307788,1.030759620773595,75.95952116500061,0.9682069365128744,80.80957669998766,0.9986389398565425
1.0,5.3,0.4023,0.05,82.31,81.32,0.5467136435427044,0.08149925807920506,79.54076053942413,0.9830340675080768,0.08504434455108735,0.032143740870666876,0.0,0.0,60.74596039363382,0.8590776104805583,60.74596039363382,0.8590776104805583,68.39995140323168,0.9115942890197579,68.39995140323168,0.9115942890197579,60.74596039363382,0.8590776104805583,64.28137528854332,0.883723245968574
1.0,5.3,0.4023,0.05,82.31,81.32,0.5467136435427044,0.08149925807920506,79.54076053942413,0.9830340675080768,0.08504434455108735,0.032143740870666876,0.0,0.0,60.74596039363382,0.8590776104805583,60.74596039363382,0.8590776104805583,68.39995140323168,0.9115942890197579,68.39995140323168,0.9115942890197579,60.74596039363382,0.8590776104805583,64.28137528854332,0.883723245968574
1.0,6.6,0.3175,0.05,79.46,78.46,0.5411527812735968,0.08252502547573623,69.6073496098666,0.9359513359251473,0.06292474200855777,0.028140800119554367,0.025169896803423106,0.017797804711466088,53.20916184243645,0.8183120164615586,53.20916184243645,0.8183120164615586,60.33224263780519,0.8713656870432298,60.33224263780519,0.8713656870432298,53.20916184243645,0.8183120164615586,56.8587968789328,0.8459107665142743
1.0,6.6,0.3175,0.05,79.46,78.46,0.5411527812735968,0.08252502547573623,69.6073496098666,0.9359513359251473,0.06292474200855777,0.028140800119554367,0.025169896803423106,0.017797804711466088,53.20916184243645,0.8183120164615586,53.20916184243645,0.8183120164615586,60.33224263780519,0.8713656870432298,60.33224263780519,0.8713656870432298,53.20916184243645,0.8183120164615586,56.8587968789328,0.8459107665142743
1.0,8.1,0.2562,0.05,72.19,71.11,0.7757307106247403,0.1036613765555878,59.92519739576119,0.9111003547530322,0.055409336473195736,0.027704668236597868,0.1246710070646904,0.0415570023548968,45.79581659509628,0.7964790974630863,45.79581659509628,0.7964790974630863,51.69691092949162,0.8462404404655085,51.69691092949162,0.8462404404655085,45.79581659509628,0.7964790974630863,48.71865909405735,0.8215029784281888
1.0,8.1,0.2562,0.05,72.19,71.11,0.7757307106247403,0.1036613765555878,59.92519739576119,0.9111003547530322,0.055409336473195736,0.027704668236597868,0.1246710070646904,0.0415570023548968,45.79581659509628,0.7964790974630863,45.79581659509628,0.7964790974630863,51.69691092949162,0.8462404404655085,51.69691092949162,0.8462404404655085,45.79581659509628,0.7964790974630863,48.71865909405735,0.8215029784281888
1.0,10.2,4.2352,1.0,27.05,38.84,0.8502772643253235,0.1772950655568473,2004.6950092421441,8.608758402285126,0.03696857670979667,0.03696857670979667,0.0,0.0,1265.3234750462107,6.839386518537488,1265.3234750462107,6.839386518537488,1504.4731977818853,7.457763258513421,1504.4731977818853,7.457763258513421,1265.3234750462107,6.839386518537488,1375.1940850277265,7.130145021190393
1.0,11.1,0.1957,0.05,90.07,88.81,0.7660708337959365,0.09222409085065034,48.206950149883426,0.7315849232612667,0.03330742755634507,0.019230052265669782,0.2997668480071056,0.057690156797009354,37.80393027645165,0.6478558659218456,37.80393027645165,0.6478558659218456,42.433662706783615,0.6863808822504156,42.433662706783615,0.6863808822504156,37.80393027645165,0.6478558659218456,40.10214277783946,0.6672578750445973
1.0,11.1,0.1957,0.05,90.07,88.81,0.7660708337959365,0.09222409085065034,48.206950149883426,0.7315849232612667,0.03330742755634507,0.019230052265669782,0.2997668480071056,0.057690156797009354,37.80393027645165,0.6478558659218456,37.80393027645165,0.6478558659218456,42.433662706783615,0.6863808822504156,42.433662706783615,0.6863808822504156,37.80393027645165,0.6478558659218456,40.10214277783946,0.6672578750445973
1.0,12.3,0.1807,0.05,91.3,90.11,0.7995618838992333,0.09358164014586562,45.78313253012048,0.7081371248738056,0.04381161007667032,0.02190580503833516,0.20810514786418402,0.04774259521950355,36.36363636363637,0.6311001222732939,36.36363636363637,0.6311001222732939,40.580503833515884,0.666689059957643,40.580503833515884,0.666689059957643,36.36363636363637,0.6311001222732939,38.35706462212487,0.6481675630016863
1.0,12.3,0.1807,0.05,91.3,90.11,0.7995618838992333,0.09358164014586562,45.78313253012048,0.7081371248738056,0.04381161007667032,0.02190580503833516,0.20810514786418402,0.04774259521950355,36.36363636363637,0.6311001222732939,36.36363636363637,0.6311001222732939,40.580503833515884,0.666689059957643,40.580503833515884,0.666689059957643,36.36363636363637,0.6311001222732939,38.35706462212487,0.6481675630016863
1.0,13.7,1.3416,1.0,87.07,93.72,0.4938555185482945,0.07531226052948203,842.2533593660274,3.110191310719216,0.011485012059262664,0.011485012059262664,0.0,0.0,563.7303319168485,2.5444939890353737,563.7303319168485,2.5444939890353737,658.1486160560469,2.749335336438742,658.1486160560469,2.749335336438742,563.7303319168485,2.5444939890353737,606.9254622717355,2.6401792085508986
1.0,18.1,0.57,1.0,148.87,152.0,0.5239470679116007,0.05932532321037044,508.9675555854101,1.8490193465002422,0.020151810304292334,0.011634653103841453,0.0,0.0,353.4761872774904,1.5409072082272939,353.4761872774904,1.5409072082272939,407.9196614495869,1.6553267186996878,407.9196614495869,1.6553267186996878,353.4761872774904,1.5409072082272939,378.9010546114059,1.5953622552705036
1.0,18.7,0.1399,0.05,109.11,106.98,0.8065255246998442,0.08597590981254569,34.83640362936486,0.5650467470185446,0.06415543946476034,0.02424847686797352,1.0264870314361654,0.09699390747189408,28.008431857758225,0.5066547506584274,28.008431857758225,0.5066547506584274,31.225368893776924,0.5349602473655023,31.225368893776924,0.5349602473655023,28.008431857758225,0.5066547506584274,29.538997342131793,0.520314102364119
1.0,18.7,0.1399,0.05,109.11,106.98,0.8065255246998442,0.08597590981254569,34.83640362936486,0.5650467470185446,0.06415543946476034,0.02424847686797352,1.0264870314361654,0.09699390747189408,28.008431857758225,0.5066547506584274,28.008431857758225,0.5066547506584274,31.225368893776924,0.5349602473655023,31.225368893776924,0.5349602473655023,28.008431857758225,0.5066547506584274,29.538997342131793,0.520314102364119
1.0,18.7,0.501,1.0,120.76,122.62,0.5216959258032461,0.06572750855576161,477.9645578005962,1.9894649615065454,0.033123550844650546,0.016561775422325273,0.0,0.0,332.7095064590924,1.659858446803246,332.7095064590924,1.659858446803246,384.80457105001653,1.7850835956916111,384.80457105001653,1.7850835956916111,332.7095064590924,1.659858446803246,356.7489234845975,1.7187779892860227
1.0,25.7,0.2222,1.0,115.82,115.86,0.5007770678639268,0.06575525043916343,312.83025384216893,1.6434730742641313,0.04317043688482128,0.019306406298564928,0.0,0.0,223.5537903643585,1.3893102459340827,223.5537903643585,1.3893102459340827,256.0179589017441,1.4867687874144055,256.0179589017441,1.4867687874144055,223.5537903643585,1.3893102459340827,238.96563633223968,1.4364018184980212
1.0,28.5,0.118,0.05,125.01,121.53,0.9679225661947044,0.08799296056315495,27.581793456523478,0.46971980660437396,0.04799616030717543,0.019594350394233885,1.9518438524918005,0.12495399849462689,22.75017998560115,0.42659920409482066,22.75017998560115,0.42659920409482066,25.10999120070394,0.44817838022018847,25.10999120070394,0.44817838022018847,22.75017998560115,0.42659920409482066,23.84609231261499,0.4367533379639612
1.0,28.5,0.118,0.05,125.01,121.53,0.9679225661947044,0.08799296056315495,27.581793456523478,0.46971980660437396,0.04799616030717543,0.019594350394233885,1.9518438524918005,0.12495399849462689,22.75017998560115,0.42659920409482066,22.75017998560115,0.42659920409482066,25.10999120070394,0.44817838022018847,25.10999120070394,0.44817838022018847,22.75017998560115,0.42659920409482066,23.84609231261499,0.4367533379639612
1.0,31.6,0.1143,0.05,128.21,124.03,0.9359644333515326,0.0854414721948625,26.33959909523438,0.4532560713132403,0.0545979252788394,0.0206360760554137,2.456906637547773,0.13843100654628226,21.69097574292177,0.4113188323355498,21.69097574292177,0.4113188323355498,23.991888308244285,0.4325848100417143,23.991888308244285,0.4325848100417143,21.69097574292177,0.4113188323355498,22.759535137664766,0.4213284092058187
1.0,31.6,0.1143,0.05,128.21,124.03,0.9359644333515326,0.0854414721948625,26.33959909523438,0.4532560713132403,0.0545979252788394,0.0206360760554137,2.456906637547773,0.13843100654628226,21.69097574292177,0.4113188323355498,21.69097574292177,0.4113188323355498,23.991888308244285,0.4325848100417143,23.991888308244285,0.4325848100417143,21.69097574292177,0.4113188323355498,22.759535137664766,0.4213284092058187
1.0,31.6,0.1361,1.0,111.17,110.55,0.44976162633804084,0.06360589918022376,241.69290276153637,1.47447748725025,0.06296662768732572,0.023799148251008283,0.0,0.0,174.7233965998021,1.2536656572949065,174.7233965998021,1.2536656572949065,200.13492848790142,1.3417377606951817,200.13492848790142,1.3417377606951817,174.7233965998021,1.2536656572949065,186.8219843482954,1.2963437778320173
1.0,35.1,0.1129,1.0,114.39,113.72,0.45458519101320044,0.06303962366402638,214.162077104642,1.3682871713344433,0.017484045808200017,0.012363087353554464,0.0,0.0,155.88775242591134,1.1673792452223863,155.88775242591134,1.1673792452223863,177.74280968616137,1.2465278630321552,177.74280968616137,1.2465278630321552,155.88775242591134,1.1673792452223863,165.90611067400997,1.2043068626568338
1.0,43.3,0.075,1.0,93.34,92.55,0.40711377758731515,0.06604257556212745,168.89865009642168,1.3451762501439648,0.03214056138847225,0.018556361769540144,0.0,0.0,125.26248125133918,1.158448167209194,125.26248125133918,1.158448167209194,142.75766016713092,1.2367041333421036,142.75766016713092,1.2367041333421036,125.26248125133918,1.158448167209194,133.38332976215983,1.195409985237915
1.0,43.3,0.1078,0.05,133.17,128.05,1.081324622662762,0.09011038522189684,21.874296012615456,0.4052880909668435,0.05256439137943982,0.019867472486780738,3.003679507396561,0.15018397536982805,18.90065330029286,0.376734339404098,18.90065330029286,0.376734339404098,20.49260343921304,0.39227927871469487,20.49260343921304,0.39227927871469487,18.90065330029286,0.376734339404098,19.59900878576256,0.3836311413815365
1.0,43.3,0.1078,0.05,133.17,128.05,1.081324622662762,0.09011038522189684,21.874296012615456,0.4052880909668435,0.05256439137943982,0.019867472486780738,3.003679507396561,0.15018397536982805,18.90065330029286,0.376734339404098,18.90065330029286,0.376734339404098,20.49260343921304,0.39227927871469487,20.49260343921304,0.39227927871469487,18.90065330029286,0.376734339404098,19.59900878576256,0.3836311413815365
1.0,44.1,0.05,0.2,96.89,95.54,0.7224687790277634,0.0863515354044871,48.869852409949424,0.7102006014589234,0.08256786046031582,0.029192147019776966,0.3612343895138817,0.061059756250383075,38.07410465476313,0.6268669476338203,38.07410465476313,0.6268669476338203,42.85271957890391,0.6650429845634024,42.85271957890391,0.6650429845634024,38.07410465476313,0.6268669476338203,40.25183197440396,0.6445451541333882
1.0,48.1,0.0638,1.0,108.64,107.78,0.5062592047128129,0.06826397723762577,155.43078055964654,1.1961169246130534,0.027614138438880706,0.015943030261127367,0.0,0.0,114.82879234167893,1.0280885449046702,114.82879234167893,1.0280885449046702,130.1362297496318,1.0944709321890522,130.1362297496318,1.0944709321890522,114.82879234167893,1.0280885449046702,122.12812960235641,1.060261458025179
1.0,54.8,0.05,1.0,88.69,87.78,0.49611004622843613,0.07479140354843612,139.36182207689706,1.25352956226743,0.045100913293494194,0.022550456646747097,0.0,0.0,103.95760514150412,1.0826567941511154,103.95760514150412,1.0826567941511154,117.4315029879355,1.150681106365224,117.4315029879355,1.150681106365224,103.95760514150412,1.0826567941511154,110.49723756906077,1.116190656963769
1.0,59.3,0.0456,1.0,94.61,93.72,0.5813338970510517,0.07838704668740791,127.31212345418032,1.1600223576956943,0.06341824331466019,0.02589038941743133,0.0,0.0,94.14438220061304,0.9975362430430653,94.14438220061304,0.9975362430430653,107.31423739562415,1.0650258540119184,107.31423739562415,1.0650258540119184,94.14438220061304,0.9975362430430653,100.49677623929817,1.0306413058449555
1.0,65.8,0.0393,1.0,86.17,85.24,0.580248346292213,0.08205950808710079,119.83288847626784,1.1792610853392356,0.034814900777532784,0.020100392335718663,0.0,0.0,88.97528142044796,1.01614723249241,88.97528142044796,1.01614723249241,100.80074271788325,1.081567975367971,100.80074271788325,1.081567975367971,88.97528142044796,1.01614723249241,94.61529534640826,1.0478584700111242
1.0,65.8,0.1059,0.05,112.09,106.23,1.1687037202248194,0.10211011813952714,17.378891961816397,0.3937563830977591,0.09813542688910697,0.02958894451204746,4.184137746453742,0.19320552973242675,15.5053974484789,0.37192726533456744,15.5053974484789,0.37192726533456744,16.522437327147827,0.38393139069230103,16.522437327147827,0.38393139069230103,15.5053974484789,0.37192726533456744,15.951467570702114,0.37723926330388036
1.0,65.8,0.1059,0.05,112.09,106.23,1.1687037202248194,0.10211011813952714,17.378891961816397,0.3937563830977591,0.09813542688910697,0.02958894451204746,4.184137746453742,0.19320552973242675,15.5053974484789,0.37192726533456744,15.5053974484789,0.37192726533456744,16.522437327147827,0.38393139069230103,16.522437327147827,0.38393139069230103,15.5053974484789,0.37192726533456744,15.951467570702114,0.37723926330388036
1.0,81.1,0.0298,1.0,103.19,102.21,0.6008334140905126,0.07630591989545316,98.39131698808025,0.9764715190238163,0.05814516910553348,0.023737665886066267,0.0,0.0,73.48580288787673,0.8438843162988923,73.48580288787673,0.8438843162988923,83.18635526698324,0.8978571428937276,83.18635526698324,0.8978571428937276,73.48580288787673,0.8438843162988923,77.98236263203799,0.8693194332818522
1.0,97.9,0.6667,10.0,52.1,87.72,0.8445297504798465,0.12731765030155084,2575.9500959692896,7.031530435696382,0.03838771593090211,0.027144214249003745,0.0,0.0,1611.9385796545105,5.562312481955646,1611.9385796545105,5.562312481955646,1918.7715930902111,6.068659607023264,1918.7715930902111,6.068659607023264,1611.9385796545105,5.562312481955646,1750.767754318618,5.796894652042872
1.0,100.0,0.1112,0.05,108.07,101.06,4.5155917460904975,0.20441123377787104,20.75506616082169,0.4382374474401636,0.12954566484685853,0.034622535271342104,4.811696122883316,0.21100683355216768,12.019987045433517,0.33350275360303694,12.019987045433517,0.33350275360303694,12.769501249190341,0.3437434185436608,12.769501249190341,0.3437434185436608,12.019987045433517,0.33350275360303694,12.325344684001111,0.33771236403987526
1.0,100.0,0.1112,0.05,108.07,101.06,4.5155917460904975,0.20441123377787104,20.75506616082169,0.4382374474401636,0.12954566484685853,0.034622535271342104,4.811696122883316,0.21100683355216768,12.019987045433517,0.33350275360303694,12.019987045433517,0.33350275360303694,12.769501249190341,0.3437434185436608,12.769501249190341,0.3437434185436608,12.019987045433517,0.33350275360303694,12.325344684001111,0.33771236403987526
1.0,104.3,0.4769,10.0,75.38,107.52,0.7827009816927567,0.10189898843020176,1921.9421597240648,5.0494269102118485,0.013266118333775539,0.013266118333775539,0.0,0.0,1220.1910321040064,4.023331781211122,1220.1910321040064,4.023331781211122,1444.2027062881402,4.377095383879285,1444.2027062881402,4.377095383879285,1220.1910321040064,4.023331781211122,1320.7349429556912,4.185812470811668
1.0,104.4,0.57,10.0,175.34,248.13,0.8383711645945021,0.0691476882227794,1892.391924261435,3.285224416290267,0.005703205201323143,0.005703205201323143,0.0,0.0,1200.3478955172807,2.616453775840774,1200.3478955172807,2.616453775840774,1424.7747233945477,2.850575838874933,1424.7747233945477,2.850575838874933,1200.3478955172807,2.616453775840774,1302.207140412912,2.7252072465049437
1.0,111.0,0.0204,1.0,103.88,102.89,0.548710050057759,0.07267842159482817,79.85175202156334,0.8767509683530016,0.038505968425105896,0.019252984212552948,0.0,0.0,60.54100885637274,0.7634117787026123,60.54100885637274,0.7634117787026123,68.43473238351945,0.8116565844524967,68.43473238351945,0.8116565844524967,60.54100885637274,0.7634117787026123,64.41085868309588,0.7874329321734721
1.0,111.0,0.3486,10.0,105.83,133.66,0.7086837380704905,0.08183174938906158,1481.2151563828781,3.7411461593333204,0.018898233015213078,0.013363068717500664,0.0,0.0,952.2630634035718,2.9996740876286316,952.2630634035718,2.9996740876286316,1124.5299064537467,3.259726077812265,1124.5299064537467,3.259726077812265,952.2630634035718,2.9996740876286316,1029.8875555135594,3.119539629782209
1.0,114.6,0.2986,10.0,97.01,117.33,0.5669518606329245,0.07644777329239937,1317.7404391299865,3.685587146503606,0.05154107823935677,0.023049870915367383,0.0,0.0,851.7987836305535,2.963195158989407,851.7987836305535,2.963195158989407,1007.1642098752706,3.2221213304610754,1007.1642098752706,3.2221213304610754,851.7987836305535,2.963195158989407,922.8223894443871,3.0842587756342144
1.0,118.2,0.2598,10.0,92.63,109.29,0.6045557594731729,0.08078716154105454,1235.6364028932312,3.652325834274786,0.021591277124041887,0.015267338468887998,0.0,0.0,802.6125445320091,2.943588785158605,802.6125445320091,2.943588785158605,947.392853287272,3.19807923922018,947.392853287272,3.19807923922018,802.6125445320091,2.943588785158605,868.4335528446508,3.061910310842329
1.0,123.3,0.0179,1.0,101.31,100.27,0.5034053893988747,0.07049085409676094,71.23679794689566,0.8385443504351954,0.069094857368473,0.02611540135292262,0.03948277563912743,0.019741387819563715,54.32829927943934,0.7322963968410386,54.32829927943934,0.7322963968410386,61.593129997038794,0.7797223436237882,61.593129997038794,0.7797223436237882,54.32829927943934,0.7322963968410386,57.792912841772775,0.7552854776942558
1.0,125.9,0.1971,10.0,111.44,125.17,0.5832735104091888,0.07234617505651965,1024.6320890165111,3.032238968253202,0.026920315865039485,0.015542451611350299,0.0,0.0,675.951184493898,2.462845197187142,675.951184493898,2.462845197187142,793.3776022972003,2.668206367211771,793.3776022972003,2.668206367211771,675.951184493898,2.462845197187142,729.3880114860015,2.5583429309728465
1.0,131.3,0.1627,10.0,112.21,123.55,0.6060065947776491,0.07348909412026844,922.2707423580787,2.866905874753851,0.026735585063719813,0.01543579723348077,0.0,0.0,611.3180643436414,2.3340912657283397,611.3180643436414,2.3340912657283397,716.9058016219589,2.527640272529441,716.9058016219589,2.527640272529441,611.3180643436414,2.3340912657283397,659.2460565012032,2.423862552587622
1.0,150.4,0.0969,10.0,105.18,109.71,0.5894656778855295,0.07486221595371563,685.3394181403308,2.5526206163905374,0.019015021867275148,0.013445650906760745,0.0,0.0,465.2880775812892,2.1032668601238678,465.2880775812892,2.1032668601238678,541.0914622551816,2.268134253850305,541.0914622551816,2.268134253850305,465.2880775812892,2.1032668601238678,500.2947328389427,2.180953379260441
1.0,152.0,0.0146,1.0,109.42,108.29,0.7676841528057028,0.08376120809643282,60.35459696581977,0.7426887097024326,0.06397367940047523,0.024179778021061877,0.12794735880095046,0.034195370012556583,46.81045512703345,0.6540682630262434,46.81045512703345,0.6540682630262434,52.741729117163224,0.694270683067399,52.741729117163224,0.694270683067399,46.81045512703345,0.6540682630262434,49.53390605008225,0.672826259159421
1.0,168.8,0.0129,1.0,106.21,105.07,0.6119951040391677,0.07590865029939318,57.64052349119669,0.7366840275687244,0.08473778363619246,0.028245927878730818,0.1318143301007438,0.03522886156457906,44.21429243950664,0.6452063534134946,44.21429243950664,0.6452063534134946,49.882308633838626,0.6853155215169136,49.882308633838626,0.6853155215169136,44.21429243950664,0.6452063534134946,47.02946991808681,0.6654299400841587
1.0,172.3,0.0618,10.0,92.59,94.79,0.3996111891132952,0.06569567480611534,547.92094178637,2.4326347582868,0.06480181445080462,0.02645522996849744,0.0,0.0,378.7774057673615,2.0225999425942547,378.7774057673615,2.0225999425942547,437.27184361162114,2.1731700682904656,437.27184361162114,2.1731700682904656,378.7774057673615,2.0225999425942547,406.0373690463333,2.094117087184691
1.0,182.3,0.05,10.0,71.34,72.24,0.3924866834875245,0.0741730112437508,507.6955424726661,2.667688537228547,0.014017381553125876,0.014017381553125876,0.0,0.0,353.02775441547516,2.2245279797037694,353.02775441547516,2.2245279797037694,408.28427249789735,2.39229522211274,408.28427249789735,2.39229522211274,353.02775441547516,2.2245279797037694,378.3291281188674,2.3028642473023906
1.0,197.4,0.0416,10.0,98.8,99.79,0.5566801619433198,0.07506273772364032,441.751012145749,2.114512731232427,0.03036437246963563,0.01753087861911819,0.0,0.0,309.60526315789474,1.7702136904044354,309.60526315789474,1.7702136904044354,356.3157894736842,1.899061640950711,356.3157894736842,1.899061640950711,309.60526315789474,1.7702136904044354,331.3663967611336,1.8313685861650137
1.0,199.5,0.0404,10.0,116.4,117.71,0.36082474226804123,0.05567646648116718,426.073883161512,1.9132246468978822,0.008591065292096219,0.008591065292096219,0.0,0.0,297.9639175257732,1.5999460835142822,297.9639175257732,1.5999460835142822,343.40206185567007,1.717611578571397,343.40206185567007,1.717611578571397,297.9639175257732,1.5999460835142822,319.3384879725086,1.656338673234162
1.0,208.1,0.0107,1.0,101.78,100.55,0.7761839261151503,0.08732751441654145,51.5621929652191,0.7117614571143578,0.029475338966398115,0.017017594886705414,0.22597759874238554,0.04711958659179327,40.381214383965414,0.6298809363263748,40.381214383965414,0.6298809363263748,45.3134211043427,0.6672401983238219,45.3134211043427,0.6672401983238219,40.381214383965414,0.6298809363263748,42.65081548437807,0.6473400043241947
1.0,223.9,0.0299,10.0,111.53,111.75,0.3855464897337039,0.05879528848114409,370.5101766340895,1.8226539429154667,0.035864789742670135,0.017932394871335067,0.0,0.0,261.50811440867926,1.5312522276938414,261.50811440867926,1.5312522276938414,300.8428225589527,1.6423812420284958,300.8428225589527,1.6423812420284958,261.50811440867926,1.5312522276938414,280.0771092979467,1.5846850346918864
1.0,226.2,0.0291,10.0,125.39,125.79,0.5423079990429859,0.06576450475504682,354.031421963474,1.6803101606345432,0.031900470531940346,0.015950235265970173,0.0,0.0,251.45545896801977,1.4161168259455899,251.45545896801977,1.4161168259455899,289.01826301937956,1.5182077083392034,289.01826301937956,1.5182077083392034,251.45545896801977,1.4161168259455899,268.8093149373953,1.4641673085641078
1.0,231.0,0.0096,1.0,97.97,96.72,0.694090027559457,0.08417077933280924,46.003878738389304,0.6852525668060447,0.040828825150556296,0.020414412575278148,0.24497295090333776,0.05000489420808774,35.337348167806475,0.6005793889294947,35.337348167806475,0.6005793889294947,40.073491885271004,0.6395610982064118,40.073491885271004,0.6395610982064118,35.337348167806475,0.6005793889294947,37.66459120138818,0.6200405245886471
1.0,251.2,0.0227,10.0,109.4,109.36,0.4753199268738574,0.06591501417667256,315.40219378427787,1.6979452949724783,0.06398537477148081,0.024184198455800644,0.0,0.0,223.20840950639854,1.4283893894079778,223.20840950639854,1.4283893894079778,257.2669104204753,1.5334983198814724,257.2669104204753,1.5334983198814724,223.20840950639854,1.4283893894079778,239.15904936014624,1.4785456852355208
1.0,259.2,0.0211,10.0,100.27,99.95,0.47870748977760047,0.06909547452154692,297.9754662411489,1.7238709315786624,0.009973072703700011,0.009973072703700011,0.0,0.0,213.85259798543933,1.4603997766310144,213.85259798543933,1.4603997766310144,244.80901565772416,1.5625293954597197,244.80901565772416,1.5625293954597197,213.85259798543933,1.4603997766310144,228.42325720554504,1.5093315577853885
1.0,281.8,0.0175,10.0,109.63,109.29,0.3922284046337681,0.05981427095048801,274.16765483900394,1.5814060704093487,0.009121590805436468,0.009121590805436468,0.0,0.0,197.53717048253216,1.3423312698456376,197.53717048253216,1.3423312698456376,226.2336951564353,1.4365274775022083,226.2336951564353,1.4365274775022083,197.53717048253216,1.3423312698456376,211.39286691599017,1.3886105397827537
1.0,284.8,0.008,1.0,87.39,85.93,0.7209062821833162,0.09082565434481946,41.240416523629705,0.6869587376040112,0.06865774116031582,0.028029405455809335,0.5149330587023687,0.07676168820802574,32.44078269824923,0.6092770116477463,32.44078269824923,0.6092770116477463,36.62890490902849,0.6474125259098586,36.62890490902849,0.6474125259098586,32.44078269824923,0.6092770116477463,34.248769882137545,0.6260249166536185
1.0,297.0,0.0156,10.0,110.72,110.28,0.4877167630057804,0.06636984490922629,256.2229046242775,1.5212336955594283,0.027095375722543353,0.015643522467204456,0.0,0.0,184.72723988439307,1.2916725553658488,184.72723988439307,1.2916725553658488,211.76842485549133,1.3829853021189014,211.76842485549133,1.3829853021189014,184.72723988439307,1.2916725553658488,197.7601156069364,1.3364610775356875
1.0,316.2,0.0074,1.0,84.37,82.66,0.9007941211331041,0.10332817218301941,39.148986606613725,0.6811868221169141,0.059262771127177906,0.026503116955076327,0.8296787957804906,0.09916558332749502,31.08924973331753,0.6070313157426516,31.08924973331753,0.6070313157426516,34.79909920587887,0.6422290948983793,34.79909920587887,0.6422290948983793,31.08924973331753,0.6070313157426516,32.86713286713287,0.6241469975432777
1.0,316.2,0.0137,10.0,104.04,103.48,0.5478662053056517,0.0725666516269776,235.88043060361397,1.5057254265010165,0.06728181468665898,0.025430135631147543,0.0,0.0,169.8481353325644,1.277703898534967,169.8481353325644,1.277703898534967,194.57900807381776,1.3675645068690818,194.57900807381776,1.3675645068690818,169.8481353325644,1.277703898534967,181.78585159554018,1.32184297639468
1.0,340.3,0.0118,10.0,102.93,102.22,0.5149130477023219,0.07072874661692916,220.54794520547944,1.4637958837385,0.03886136209074128,0.01943068104537064,0.0,0.0,160.5362867968522,1.2488653620302275,160.5362867968522,1.2488653620302275,182.7941319343243,1.3326316960400677,182.7941319343243,1.3326316960400677,160.5362867968522,1.2488653620302275,171.21344603128338,1.2897274635582214
1.0,351.1,0.0112,10.0,109.45,108.68,0.38373686614892644,0.05921188395073422,214.60027409776154,1.4002553904554056,0.03654636820465966,0.01827318410232983,0.0,0.0,156.21745089081773,1.1946945718727822,156.21745089081773,1.1946945718727822,179.35130196436728,1.2801014334394432,179.35130196436728,1.2801014334394432,156.21745089081773,1.1946945718727822,167.37322978529008,1.2366167234976566
1.0,354.8,0.0108,10.0,81.69,80.89,0.29379360998898274,0.05997036951360455,211.44570938915413,1.6088479091951813,0.03672420124862284,0.021202727476666388,0.0,0.0,155.15975027543152,1.3781772859833152,155.15975027543152,1.3781772859833152,176.72909780878933,1.4708540551232505,176.72909780878933,1.4708540551232505,155.15975027543152,1.3781772859833152,165.8832170400294,1.4250062744127387
1.0,366.1,0.0103,10.0,107.79,107.09,0.5473606085907783,0.07126028154623441,201.83690509323685,1.3683936593370287,0.027831895352073473,0.016068752273577114,0.0,0.0,147.11939883106038,1.1682767526754998,147.11939883106038,1.1682767526754998,167.33463215511642,1.2459587969269434,167.33463215511642,1.2459587969269434,147.11939883106038,1.1682767526754998,156.98116708414508,1.2067978862168383
1.0,389.9,0.006,1.0,63.32,61.7,0.7580543272267846,0.10941571747118618,32.691092861655086,0.7185289428981254,0.11054958938723942,0.041783817294134405,0.9791535060012634,0.12435261961484224,25.994946304485154,0.6407284515192923,25.994946304485154,0.6407284515192923,29.200884396715097,0.6790903348073278,29.200884396715097,0.6790903348073278,25.994946304485154,0.6407284515192923,27.732154137713202,0.6617917510978194
1.0,389.9,0.009,10.0,88.79,87.94,0.5518639486428651,0.07883770694898073,197.21815519765738,1.4903607964176957,0.033787588692420316,0.019507273426837224,0.0,0.0,144.1491158914292,1.2741599897076819,144.1491158914292,1.2741599897076819,164.6469196981642,1.3617418260247338,164.6469196981642,1.3617418260247338,144.1491158914292,1.2741599897076819,154.29665502871944,1.3182452878386783
1.0,389.9,0.0093,10.0,98.72,97.97,0.5470016207455429,0.07443749218344342,193.3042949756888,1.3993236636740192,0.0506482982171799,0.022650607551659135,0.0,0.0,140.63006482982172,1.1935387267954194,140.63006482982172,1.1935387267954194,161.18314424635332,1.2777833898882884,161.18314424635332,1.2777833898882884,140.63006482982172,1.1935387267954194,150.49635332252836,1.2346970627386695
1.0,398.1,0.0086,10.0,94.85,94.0,0.5482340537691092,0.07602638430076941,188.624143384291,1.4101976045814366,0.010542962572482868,0.010542962572482868,0.0,0.0,137.89140748550344,1.2057296331212262,137.89140748550344,1.2057296331212262,157.50131787032157,1.2886157299301944,157.50131787032157,1.2886157299301944,137.89140748550344,1.2057296331212262,147.67527675276753,1.2477719806460945
1.0,423.9,0.008,10.0,95.94,95.16,0.45861997081509276,0.06913956202533666,176.5686887638107,1.3566161687324532,0.08338544923910778,0.029481208304629875,0.0,0.0,128.71586408171774,1.158286997609723,128.71586408171774,1.158286997609723,147.16489472587034,1.2385178066414053,147.16489472587034,1.2385178066414053,128.71586408171774,1.158286997609723,137.7006462372316,1.1980312103095965
1.0,432.9,0.0077,10.0,94.12,93.31,0.4143646408839779,0.06635144494685931,173.59753506162346,1.3580970875961946,0.09562260943476412,0.03187420314492138,0.0,0.0,126.61495962600934,1.1598492638133975,126.61495962600934,1.1598492638133975,144.8788780280493,1.240685131916277,144.8788780280493,1.240685131916277,126.61495962600934,1.1598492638133975,135.31661708457287,1.199042582207045
1.0,446.7,0.007,10.0,77.95,77.14,0.6286080821039127,0.08980115458627325,169.49326491340602,1.4745794017191545,0.06414368184733804,0.028685926587553427,0.0,0.0,123.50224502886465,1.2587206769226824,123.50224502886465,1.2587206769226824,141.52661962796665,1.3474448754843753,141.52661962796665,1.3474448754843753,123.50224502886465,1.2587206769226824,132.53367543296986,1.3039323533857712
1.0,480.6,0.0065,10.0,112.19,111.33,0.41001871824583297,0.06045396187828923,156.37757375880204,1.180620068797465,0.08022105356983689,0.026740351189945628,0.0,0.0,115.6074516445316,1.0151163902314244,115.6074516445316,1.0151163902314244,131.22381673945983,1.0815068105962504,131.22381673945983,1.0815068105962504,115.6074516445316,1.0151163902314244,122.95213477137,1.0468656811867763
1.0,490.8,0.0062,10.0,109.39,108.57,0.5302129993600878,0.06962037760182749,157.95776579211994,1.2016602076728893,0.05484962062345736,0.022392263852117907,0.0,0.0,116.11664685985922,1.0302875026201221,116.11664685985922,1.0302875026201221,132.70865709845506,1.1014399284042347,132.70865709845506,1.1014399284042347,116.11664685985922,1.0302875026201221,124.19782429838193,1.0655361361794247
1.0,501.2,0.0056,10.0,72.17,71.26,0.4156851877511431,0.07589338471735708,152.39018982956907,1.4531155571247223,0.04156851877511431,0.02399959550462626,0.0,0.0,112.7615352639601,1.2499773325585601,112.7615352639601,1.2499773325585601,128.97325758625468,1.3368155294656878,128.97325758625468,1.3368155294656878,112.7615352639601,1.2499773325585601,120.0360260496051,1.2896665980701008
1.0,533.7,0.0046,1.0,40.45,38.76,0.7169344870210136,0.1331313920181583,28.875154511742892,0.8448953023799782,0.09888751545117429,0.049443757725587144,1.6810877626699627,0.203861835630045,23.856613102595794,0.7679715484306089,23.856613102595794,0.7679715484306089,26.18046971569839,0.804506308789764,26.18046971569839,0.804506308789764,23.856613102595794,0.7679715484306089,24.969097651421507,0.7856736010912585
1.0,533.7,0.0055,10.0,97.41,96.51,0.4106354583718304,0.06492716682411209,143.630017452007,1.21428557238772,0.030797659377887282,0.017781036932233624,0.0,0.0,106.66256031208295,1.0464156600613495,106.66256031208295,1.0464156600613495,120.62416589672519,1.1127955748218252,120.62416589672519,1.1127955748218252,106.66256031208295,1.0464156600613495,113.46884303459605,1.0792859951193732
1.0,562.3,0.0046,10.0,70.07,69.17,0.6993006993006994,0.0999000999000999,136.8916797488226,1.3977273636872036,0.07135721421435708,0.03191191633366334,0.0,0.0,100.68502925645784,1.1987162467266281,100.68502925645784,1.1987162467266281,114.97074354217213,1.2809365304590767,114.97074354217213,1.2809365304590767,100.68502925645784,1.1987162467266281,107.37833594976453,1.237919134705377
1.0,568.3,0.005,10.0,104.33,103.38,0.5750982459503499,0.07424486429996006,133.36528323588612,1.130620334592399,0.01916994153167833,0.013555195651999379,0.0,0.0,99.11818268954279,0.9747024589290688,99.11818268954279,0.9747024589290688,112.57548164478098,1.0387649881063037,112.57548164478098,1.0387649881063037,99.11818268954279,0.9747024589290688,105.56886801495256,1.0059197352204865
1.0,592.6,0.0047,10.0,109.64,108.67,0.37395111273257936,0.05840135203787713,130.8920102152499,1.0926273198992267,0.027362276541408246,0.015797617726823032,0.0,0.0,96.59795695001824,0.9386408634121728,96.59795695001824,0.9386408634121728,110.00547245530828,1.0016653064422953,110.00547245530828,1.0016653064422953,96.59795695001824,0.9386408634121728,102.81831448376505,0.9683909600339213
1.0,657.9,0.004,10.0,103.92,102.99,0.5773672055427251,0.07453778572377631,118.48537336412625,1.067782506856554,0.0962278675904542,0.030429923596693415,0.0,0.0,87.98113933795227,0.920121591240515,87.98113933795227,0.920121591240515,100.07698229407237,0.9813355491902973,100.07698229407237,0.9813355491902973,87.98113933795227,0.920121591240515,93.64896073903002,0.9492965708343745
1.0,730.5,0.0036,1.0,21.13,19.55,0.6152389966871746,0.17063659609389442,23.473734027449126,1.0540017724240458,0.047326076668244205,0.047326076668244205,2.69758637008992,0.3573040433161737,20.113582584003787,0.975652064746252,20.113582584003787,0.975652064746252,21.391386654046382,1.0061661914561904,21.391386654046382,1.0061661914561904,20.113582584003787,0.975652064746252,20.681495504022717,0.9893300975090806
1.0,761.8,0.0032,10.0,99.04,98.12,0.5452342487883683,0.07419698332339998,105.27059773828755,1.030975224020098,0.07067851373182552,0.026713967195724865,0.0,0.0,79.58400646203553,0.8964118388298882,79.58400646203553,0.8964118388298882,89.91316639741518,0.9528100519659596,89.91316639741518,0.9528100519659596,79.58400646203553,0.8964118388298882,84.7435379644588,0.9250133058274258
1.0,882.0,0.0026,10.0,95.21,94.21,0.48314252704547844,0.07123547928920564,96.17687217729231,1.0050647509647779,0.02100619682806428,0.014853624224063599,0.0,0.0,72.219304694885,0.8709342481515757,72.219304694885,0.8709342481515757,82.47032874698037,0.93069542765994,82.47032874698037,0.93069542765994,72.219304694885,0.8709342481515757,77.32381052410462,0.9011878781267781
1.0,1021.2,0.0022,10.0,87.65,86.66,0.6274957216200798,0.08461150584250614,85.2937820878494,0.9864673734725515,0.057045065601825436,0.02551132889332333,0.022818026240730177,0.016134781088112893,65.28237307472904,0.8630222771969169,65.28237307472904,0.8630222771969169,73.38277239018825,0.9150000071084277,73.38277239018825,0.9150000071084277,65.28237307472904,0.8630222771969169,69.36679977181973,0.8896104364914056
1.0,1182.3,0.0018,10.0,82.01,81.0,0.4999390318253871,0.07807735931511825,75.5151810754786,0.9595856132446884,0.10974271430313376,0.03658090476771125,0.012193634922570418,0.012193634922570418,57.12717961224241,0.8346184591463285,57.12717961224241,0.8346184591463285,65.1262041214486,0.8911370023457365,65.1262041214486,0.8911370023457365,57.12717961224241,0.8346184591463285,61.13888550176807,0.8634264585831231
2.0,4.5,0.57,0.05,143.69,142.86,1.0508734080311783,0.08551886510852884,92.95010091168488,0.804288132128536,0.09047254506228687,0.025092569249523203,0.0,0.0,69.8239265084557,0.6970900139128963,69.8239265084557,0.6970900139128963,79.39313800542836,0.743324096197018,79.39313800542836,0.743324096197018,69.8239265084557,0.6970900139128963,74.59809311712715,0.7205275493104906
2.0,18.1,0.57,1.0,101.24,106.39,1.185302252074279,0.10820279682045954,512.1592256025286,2.2491914908978883,0.049387593836428295,0.02208680341268066,0.0,0.0,355.7289608850257,1.8744917943829114,355.7289608850257,1.8744917943829114,410.6677202686685,2.014045211526343,410.6677202686685,2.014045211526343,355.7289608850257,1.8744917943829114,381.1240616357171,1.940247425322588
2.0,45.3,0.05,0.2,110.82,109.47,1.353546291283162,0.11051659189601057,47.22071828189858,0.652765542913078,0.09023641941887746,0.028535261326190036,0.31582746796607114,0.05338458566233186,36.37430066774951,0.5729124410521559,36.37430066774951,0.5729124410521559,40.994405341996035,0.6082095325023955,40.994405341996035,0.6082095325023955,36.37430066774951,0.5729124410521559,38.68435300487277,0.5908246358011497
2.0,56.5,0.05,1.0,104.65,103.91,0.8982322025800287,0.09264557778148742,133.91304347826087,1.1312063227617233,0.07644529383659818,0.027027492830828382,0.0,0.0,99.59866220735785,0.9755670785608208,99.59866220735785,0.9755670785608208,112.99569995222168,1.0391095638285497,112.99569995222168,1.0391095638285497,99.59866220735785,0.9755670785608208,105.97228858098423,1.006297839801301
2.0,114.2,0.57,10.0,228.55,396.81,1.9208050754758257,0.0916750244574796,1905.6880332531173,2.8875884139926256,0.12251148545176109,0.023152494518176248,0.0,0.0,1232.1811419820608,2.3219168655127356,1232.1811419820608,2.3219168655127356,1455.4758258586742,2.5235498343820795,1455.4758258586742,2.5235498343820795,1232.1811419820608,2.3219168655127356,1332.714942025815,2.4147825044869853
2.0,187.0,0.05,10.0,85.76,89.52,0.9794776119402985,0.10686976900549999,489.70382462686564,2.3895953350972396,0.058302238805970144,0.026073553842115085,0.0,0.0,339.8320895522388,1.990626616872509,339.8320895522388,1.990626616872509,393.1203358208955,2.141018248334798,393.1203358208955,2.141018248334798,339.8320895522388,1.990626616872509,364.48227611940297,2.061559249832853
5.0,4.2,0.57,0.05,92.58,91.74,2.7759775329444807,0.17316072091036291,94.02678764311946,1.0077834250851845,0.32404406999351915,0.059162082253744454,0.0,0.0,70.85763663858285,0.8748523107071328,70.85763663858285,0.8748523107071328,80.30892201339383,0.9313722840699855,80.30892201339383,0.9313722840699855,70.85763663858285,0.8748523107071328,75.70749621948585,0.9042965074941065
5.0,19.4,0.57,1.0,110.63,123.83,2.711741842176625,0.1565624882553446,473.5424387598301,2.068916661146918,0.2982916026394287,0.0519259029787402,0.0,0.0,331.1488746271355,1.730115852880094,331.1488746271355,1.730115852880094,382.36463888637803,1.8590985183119861,382.36463888637803,1.8590985183119861,331.1488746271355,1.730115852880094,355.0302811172377,1.7914151468837358
5.0,44.5,0.05,0.2,99.26,98.11,3.7578077775538987,0.1945719113019138,47.36046745919806,0.6907499381995547,0.3324602055208543,0.05787389327561987,0.17126737860165223,0.041538440717486,37.336288535160186,0.6133077273916753,37.336288535160186,0.6133077273916753,41.78924037880314,0.6488511863028256,41.78924037880314,0.6488511863028256,37.336288535160186,0.6133077273916753,39.45194438847471,0.6304448054467868
5.0,56.8,0.05,1.0,88.4,87.88,2.601809954751131,0.1715582679649672,134.762443438914,1.2346910665636033,0.27149321266968324,0.055418319972470084,0.0,0.0,99.90950226244344,1.0631077035720118,99.90950226244344,1.0631077035720118,113.64253393665157,1.1338205441923823,113.64253393665157,1.1338205441923823,99.90950226244344,1.0631077035720118,106.84389140271493,1.0993822381049168
5.0,133.1,0.57,10.0,82.17,242.53,7.49665327978581,0.3020487683093795,2341.2681027138856,5.337881529456505,0.2555677254472435,0.05576944985950882,0.0,0.0,1559.5837897042716,4.3566002569670506,1559.5837897042716,4.3566002569670506,1825.7393209200438,4.713708708231114,1825.7393209200438,4.713708708231114,1559.5837897042716,4.3566002569670506,1680.029207740051,4.521700287592307
5.0,202.0,0.05,10.0,105.93,116.66,2.6810157651279143,0.15908901676911844,448.34324553950717,2.05729148951164,0.21712451618993675,0.0452735912707705,0.0,0.0,314.42462003209664,1.7228552325399136,314.42462003209664,1.7228552325399136,363.4664401019541,1.8523483914775225,363.4664401019541,1.8523483914775225,314.42462003209664,1.7228552325399136,337.5342207117908,1.7850460275346318
10.0,4.5,0.57,0.05,127.16,126.62,5.685750235923247,0.2114553265138212,85.5300408933627,0.8201326092786216,0.5033029254482542,0.06291286568103177,0.0,0.0,64.59578483799937,0.7127329386833721,64.59578483799937,0.7127329386833721,73.14407046240956,0.7584279036570892,73.14407046240956,0.7584279036570892,64.59578483799937,0.7127329386833721,68.97609311104121,0.7365021793159607
10.0,20.9,0.57,1.0,88.09,110.99,6.368486774889318,0.26887772238226837,467.56726075604496,2.303874097749661,0.49948915881484846,0.07530082393814053,0.0,0.0,328.9136110795777,1.9323136327922619,328.9136110795777,1.9323136327922619,379.4074242252242,2.075341676000526,379.4074242252242,2.075341676000526,328.9136110795777,1.9323136327922619,352.03768872743785,1.9990850692117277
10.0,45.0,0.05,0.2,108.08,106.84,7.170614359733531,0.25757607155949397,43.74537379718727,0.6361996090921941,0.5921539600296077,0.07401924500370097,0.25906735751295334,0.04895912862813825,33.863804589193194,0.5597514234735076,33.863804589193194,0.5597514234735076,38.249444855662475,0.5948944265610108,38.249444855662475,0.5948944265610108,33.863804589193194,0.5597514234735076,35.93634344929682,0.5766260714612467
10.0,57.9,0.05,1.0,94.77,94.66,5.392001688297984,0.2385281113317994,124.12155745489079,1.1444271910430655,0.5909042946079983,0.07896290781415936,0.0,0.0,91.80120291231403,0.9842122035547974,91.80120291231403,0.9842122035547974,104.51619710878971,1.0501621450287697,104.51619710878971,1.0501621450287697,91.80120291231403,0.9842122035547974,98.38556505223173,1.018896925573351
15.0,4.7,0.57,0.05,182.7,182.41,8.943623426382048,0.22125213936954283,79.60043787629995,0.6600676595177307,0.8976464148877943,0.07009440872942363,0.0,0.0,59.80842911877395,0.5721526637190835,59.80842911877395,0.5721526637190835,67.96934865900384,0.6099402317081393,67.96934865900384,0.6099402317081393,59.80842911877395,0.5721526637190835,63.8040503557745,0.5909555978593901
15.0,22.7,0.57,1.0,125.81,167.76,10.30919640728082,0.28625614983497505,413.63166679914156,1.8132150238375562,0.8663858198871314,0.08298471114307726,0.0,0.0,292.592003815277,1.5250133496721074,292.592003815277,1.5250133496721074,336.1894920912487,1.634686538823339,336.1894920912487,1.634686538823339,292.592003815277,1.5250133496721074,313.75089420554804,1.5791918898357107
15.0,44.9,0.05,0.2,97.26,95.98,11.659469463294263,0.3462360320888903,42.92617725683734,0.6643454649043844,0.9973267530331071,0.10126318940773292,0.2878881348961546,0.0544057435958172,33.66234834464322,0.5883084310475002,33.66234834464322,0.5883084310475002,37.88813489615463,0.6241435414672502,37.88813489615463,0.6241435414672502,33.66234834464322,0.5883084310475002,35.68784700801974,0.6057494682975708
15.0,59.3,0.05,1.0,96.67,96.94,8.575566359780698,0.2978417306069715,117.40974449156926,1.10206246781124,0.9103134374676735,0.0970397384881231,0.0,0.0,86.97631116168408,0.9485377789467384,86.97631116168408,0.9485377789467384,99.4310541015827,1.0141802816821055,99.4310541015827,1.0141802816821055,86.97631116168408,0.9485377789467384,93.04851556842867,0.9810900365175962
20.0,4.6,0.57,0.05,151.09,150.89,12.045800516248594,0.2823579192230001,77.2321133099477,0.7149589361834268,1.3038586273082269,0.09289608079699649,0.0,0.0,58.700112515719105,0.6233064288140576,58.700112515719105,0.6233064288140576,66.27175855450393,0.6622872386572248,66.27175855450393,0.6622872386572248,58.700112515719105,0.6233064288140576,62.373419816003704,0.6425129975252681
20.0,24.4,0.57,1.0,96.11,135.68,14.847570492144419,0.3930460257522444,390.7189678493393,2.016266613470286,1.0924981791697015,0.10661690527478512,0.0,0.0,276.6413484548954,1.6965796669715167,276.6413484548954,1.6965796669715167,318.0106128394548,1.8190159963791654,318.0106128394548,1.8190159963791654,276.6413484548954,1.6965796669715167,296.58724378316515,1.7566771223997182
20.0,45.5,0.05,0.2,99.83,98.69,14.57477712110588,0.38209418256557454,41.460482820795356,0.6444461627353233,1.2421115897024944,0.11154491360973698,0.15025543423820495,0.0387957862987821,32.425122708604626,0.5699152505889783,32.425122708604626,0.5699152505889783,36.45196834618852,0.6042685017271631,36.45196834618852,0.6042685017271631,32.425122708604626,0.5699152505889783,34.42852849844736,0.5872576663167326
20.0,60.0,0.05,1.0,99.82,100.51,11.46062913243839,0.3388406035922213,112.40232418353037,1.0611550933171998,1.2823081546784212,0.11334109896799,0.0,0.0,83.61049889801643,0.9152118289365857,83.61049889801643,0.9152118289365857,95.29152474454018,0.9770535235613392,95.29152474454018,0.9770535235613392,83.61049889801643,0.9152118289365857,89.63133640552996,0.9475914928927045
20.0,197.2,0.57,10.0,199.83,1128.14,59.43552019216334,0.5453718152005195,2054.136015613271,3.206153081655945,4.488815493169193,0.14987718692760782,0.0,0.0,1442.305960066056,2.68657120051254,1442.305960066056,2.68657120051254,1663.3138167442326,2.8850726474865835,1663.3138167442326,2.8850726474865835,1442.305960066056,2.68657120051254,1545.7138567782615,2.7812127132645337
20.0,248.3,0.05,10.0,87.1,118.52,14.236509758897819,0.4042897097969922,372.4225028702641,2.0678016604335303,1.0332950631458095,0.10891886315160894,0.0,0.0,264.6613088404133,1.7431555799453267,264.6613088404133,1.7431555799453267,304.2709529276694,1.8690510768801958,304.2709529276694,1.8690510768801958,264.6613088404133,1.7431555799453267,283.5820895522388,1.8043896263492207
50.0,5.2,0.57,0.05,252.93,254.66,36.48044913612462,0.3797780990051251,49.88732060253825,0.4441144639271511,3.605740718775946,0.11939800633014272,0.003953663068833274,0.003953663068833274,37.86027754714743,0.3868937594662576,37.86027754714743,0.3868937594662576,42.77468074170719,0.4112379791916374,42.77468074170719,0.4112379791916374,37.86027754714743,0.3868937594662576,40.244336377653894,0.39888914057170527
50.0,31.3,0.57,1.0,150.14,261.31,56.11429332622886,0.6113480668271554,246.5632076728387,1.2814920902240372,5.5548155055281745,0.19234753001456845,0.0,0.0,179.83881710403625,1.0944439198512894,179.83881710403625,1.0944439198512894,205.2284534434528,1.169150932648672,205.2284534434528,1.169150932648672,179.83881710403625,1.0944439198512894,192.11402690821902,1.1311789946179105
50.0,45.7,0.05,0.2,106.18,105.04,39.42362026747033,0.6093360753295088,27.839517799962326,0.5120466083657256,3.3057072895083817,0.17644560176299862,0.0847617253720098,0.028253908457336597,21.76492748163496,0.45274874144742566,21.76492748163496,0.45274874144742566,24.50555660199661,0.4804087679358391,24.50555660199661,0.4804087679358391,21.76492748163496,0.45274874144742566,22.970427575814654,0.4651180344647107
50.0,65.8,0.05,1.0,97.7,99.96,34.442169907881265,0.5937422727645107,76.6632548618219,0.8858217614501046,3.4390992835209824,0.18761824749051545,0.0,0.0,57.80962128966223,0.7692239192653402,57.80962128966223,0.7692239192653402,65.46571136131013,0.8185772373851466,65.46571136131013,0.8185772373851466,57.80962128966223,0.7692239192653402,61.87308085977482,0.795799366117714
50.0,273.0,0.57,10.0,118.38,920.3,248.13313059638455,1.4477821227011967,1287.7175198513262,3.298155550849901,24.421354958607875,0.454198515248186,0.0,0.0,930.6470687616152,2.8038407225528417,930.6470687616152,2.8038407225528417,1064.1240074336881,2.9981748227145553,1064.1240074336881,2.9981748227145553,930.6470687616152,2.8038407225528417,994.7457340767022,2.8987908037044825
50.0,314.6,0.05,10.0,79.9,142.02,57.44680851063829,0.8479291457298783,257.73466833541926,1.796027699832591,5.707133917396746,0.2672610325915222,0.0,0.0,187.78473091364205,1.5330515141709697,187.78473091364205,1.5330515141709697,214.56821026282853,1.6387371517730072,214.56821026282853,1.6387371517730072,187.78473091364205,1.5330515141709697,200.2127659574468,1.5829693029986018
80.0,5.2,0.57,0.05,148.93,150.46,68.91156919358087,0.6802287365634734,23.178674545088295,0.3945056287267409,7.271872691868663,0.22096935032437162,0.0,0.0,17.451151547706974,0.34231107490850426,17.451151547706974,0.34231107490850426,19.88853823944135,0.36543516616364136,19.88853823944135,0.36543516616364136,17.451151547706974,0.34231107490850426,18.59934197273887,0.35339279841377197
80.0,36.6,0.57,1.0,96.72,193.45,131.38957816377172,1.1655269372243138,113.16170388751034,1.081662055730522,13.937138130686519,0.37960214538225434,0.0,0.0,83.2402812241522,0.9277022832268459,83.2402812241522,0.9277022832268459,94.46856906534326,0.9882925569359242,94.46856906534326,0.9882925569359242,83.2402812241522,0.9277022832268459,88.94747725392887,0.9589780651424772
80.0,46.6,0.05,0.2,97.33,96.35,68.07767389294155,0.8363325357019921,11.404500154114867,0.34230620053339533,6.0515771088050965,0.24935089077389494,0.051371622315832734,0.022974087922529435,8.77427309154423,0.3002494440810122,8.77427309154423,0.3002494440810122,9.811979862324053,0.31750821206950464,9.811979862324053,0.31750821206950464,8.77427309154423,0.3002494440810122,9.308537963628892,0.30925545963818785
80.0,71.2,0.05,1.0,111.95,116.96,69.64716391246091,0.7887505392975461,32.59490844126842,0.5395886846105924,7.422956677087986,0.25749951416524475,0.0,0.0,24.653863331844573,0.469278268389949,24.653863331844573,0.469278268389949,27.682000893255918,0.4972636233931855,27.682000893255918,0.4972636233931855,24.653863331844573,0.469278268389949,26.03841000446628,0.4822754796495967
100.0,6.0,0.57,0.05,340.29,344.47,97.66375738340827,0.5357252558968806,0.0,0.0,9.791648299979428,0.16963025289796127,0.0,0.0,0.0,0.0,0.0,0.0,0.0,0.0,0.0,0.0,0.0,0.0,0.0,0.0
100.0,39.4,0.57,1.0,92.87,203.97,218.86508021966188,1.5351489329580523,0.0,0.0,23.81824055130828,0.5064273076905286,0.0,0.0,0.0,0.0,0.0,0.0,0.0,0.0,0.0,0.0,0.0,0.0,0.0,0.0
100.0,47.7,0.05,0.2,101.45,100.5,91.80877279448003,0.9512968647763261,0.0,0.0,7.806801379990143,0.27740260777664444,0.0,0.0,0.0,0.0,0.0,0.0,0.0,0.0,0.0,0.0,0.0,0.0,0.0,0.0
100.0,73.9,0.05,1.0,97.03,101.94,103.41131608780789,1.0323596387213154,0.0,0.0,10.945068535504483,0.3358584094981001,0.0,0.0,0.0,0.0,0.0,0.0,0.0,0.0,0.0,0.0,0.0,0.0,0.0,0.0
100.0,358.4,0.57,10.0,2882.86,25091.95,867.7285750955648,0.5486307853556429,0.0,0.0,92.93930333072018,0.1795510421483162,0.0,0.0,0.0,0.0,0.0,0.0,0.0,0.0,0.0,0.0,0.0,0.0,0.0,0.0
100.0,400.2,0.05,10.0,129.15,257.92,198.9005032907472,1.2409970118249585,0.0,0.0,21.0840108401084,0.40404469610994187,0.0,0.0,0.0,0.0,0.0,0.0,0.0,0.0,0.0,0.0,0.0,0.0,0.0,0.0
